id,target
0,0
1,0
2,1
3,1
4,1
5,0
6,0
7,1
8,0
9,1
10,1
11,1
12,1
13,0
14,1
15,0
16,0
17,1
18,1
19,0
20,0
21,0
22,0
23,1
24,0
25,1
26,0
27,1
28,0
29,0
30,1
31,1
32,1
33,0
34,1
35,0
36,0
37,1
38,0
39,1
40,0
41,0
42,1
43,1
44,0
45,0
46,1
47,0
48,0
49,0
50,1
51,0
52,1
53,1
54,1
55,0
56,0
57,1
58,0
59,0
60,1
61,0
62,0
63,1
64,0
65,0
66,1
67,1
68,0
69,1
70,1
71,0
72,0
73,0
74,0
75,1
76,1
77,0
78,0
79,0
80,1
81,1
82,0
83,0
84,1
85,0
86,1
87,1
88,0
89,0
90,0
91,1
92,1
93,1
94,0
95,1
96,0
97,1
98,1
99,1
100,0
101,0
102,1
103,0
104,0
105,0
106,0
107,0
108,0
109,1
110,0
111,1
112,1
113,0
114,1
115,1
116,0
117,0
118,1
119,1
120,1
121,0
122,1
123,0
124,0
125,0
126,0
127,0
128,1
129,0
130,1
131,0
132,1
133,0
134,1
135,1
136,0
137,1
138,1
139,1
140,0
141,0
142,1
143,0
144,0
145,1
146,1
147,0
148,1
149,1
150,0
151,0
152,0
153,1
154,1
155,0
156,1
157,1
158,1
159,1
160,1
161,0
162,1
163,0
164,0
165,1
166,1
167,1
168,1
169,0
170,0
171,1
172,0
173,1
174,0
175,1
176,0
177,0
178,1
179,0
180,0
181,0
182,1
183,1
184,0
185,1
186,1
187,0
188,1
189,0
190,0
191,1
192,1
193,1
194,1
195,0
196,1
197,0
198,0
199,0
200,1
201,0
202,1
203,1
204,1
205,1
206,0
207,0
208,1
209,0
210,1
211,1
212,1
213,0
214,0
215,1
216,1
217,0
218,1
219,0
220,1
221,1
222,0
223,1
224,0
225,1
226,0
227,0
228,0
229,1
230,1
231,1
232,1
233,0
234,1
235,0
236,0
237,1
238,1
239,1
240,1
241,0
242,0
243,0
244,1
245,1
246,1
247,1
248,1
249,1
250,0
251,1
252,1
253,0
254,1
255,1
256,1
257,0
258,1
259,1
260,0
261,0
262,1
263,0
264,0
265,1
266,1
267,1
268,0
269,0
270,0
271,0
272,1
273,0
274,1
275,1
276,0
277,0
278,1
279,0
280,0
281,1
282,1
283,1
284,1
285,1
286,1
287,1
288,1
289,1
290,1
291,0
292,1
293,1
294,1
295,1
296,0
297,1
298,0
299,0
300,1
301,1
302,1
303,1
304,1
305,0
306,0
307,1
308,0
309,0
310,1
311,1
312,1
313,1
314,0
315,0
316,1
317,0
318,1
319,0
320,1
321,0
322,1
323,1
324,0
325,1
326,1
327,0
328,1
329,0
330,0
331,0
332,0
333,0
334,0
335,0
336,1
337,1
338,1
339,0
340,0
341,0
342,1
343,0
344,1
345,1
346,1
347,1
348,1
349,1
350,1
351,0
352,0
353,1
354,1
355,1
356,1
357,1
358,0
359,1
360,0
361,0
362,1
363,1
364,0
365,0
366,1
367,0
368,0
369,0
370,0
371,0
372,0
373,1
374,0
375,1
376,0
377,1
378,0
379,0
380,1
381,0
382,0
383,1
384,1
385,0
386,1
387,1
388,1
389,1
390,0
391,1
392,0
393,1
394,1
395,0
396,0
397,1
398,1
399,0
400,0
401,0
402,0
403,1
404,0
405,0
406,1
407,0
408,1
409,0
410,1
411,1
412,0
413,1
414,1
415,1
416,0
417,0
418,0
419,0
420,1
421,1
422,1
423,0
424,1
425,1
426,1
427,1
428,1
429,0
430,0
431,1
432,0
433,1
434,0
435,0
436,0
437,0
438,1
439,0
440,0
441,0
442,0
443,0
444,0
445,0
446,0
447,1
448,0
449,0
450,1
451,0
452,1
453,1
454,1
455,1
456,0
457,1
458,1
459,1
460,1
461,1
462,0
463,1
464,1
465,0
466,1
467,1
468,0
469,1
470,0
471,1
472,0
473,0
474,1
475,0
476,0
477,1
478,1
479,0
480,1
481,1
482,1
483,1
484,0
485,1
486,0
487,1
488,0
489,0
490,1
491,1
492,1
493,0
494,1
495,0
496,0
497,1
498,1
499,1
500,1
501,0
502,0
503,1
504,1
505,1
506,1
507,0
508,0
509,0
510,1
511,0
512,1
513,1
514,1
515,0
516,1
517,1
518,0
519,1
520,0
521,0
522,1
523,1
524,1
525,0
526,0
527,0
528,0
529,1
530,0
531,1
532,0
533,1
534,1
535,1
536,1
537,0
538,1
539,0
540,1
541,1
542,1
543,1
544,0
545,0
546,0
547,0
548,0
549,0
550,1
551,1
552,0
553,0
554,1
555,1
556,1
557,1
558,0
559,1
560,1
561,0
562,1
563,1
564,0
565,1
566,0
567,1
568,1
569,1
570,0
571,0
572,0
573,0
574,0
575,0
576,0
577,1
578,1
579,1
580,1
581,0
582,1
583,1
584,1
585,1
586,0
587,1
588,1
589,1
590,0
591,0
592,1
593,1
594,1
595,1
596,0
597,0
598,0
599,1
600,0
601,0
602,0
603,1
604,1
605,0
606,1
607,1
608,0
609,0
610,1
611,0
612,1
613,1
614,1
615,0
616,1
617,1
618,0
619,1
620,0
621,1
622,0
623,0
624,0
625,0
626,0
627,0
628,0
629,1
630,1
631,1
632,0
633,1
634,0
635,0
636,1
637,0
638,0
639,1
640,1
641,1
642,1
643,1
644,1
645,1
646,0
647,0
648,1
649,0
650,1
651,1
652,0
653,1
654,1
655,1
656,1
657,1
658,1
659,1
660,1
661,1
662,1
663,1
664,0
665,1
666,0
667,0
668,0
669,1
670,0
671,0
672,1
673,0
674,0
675,1
676,0
677,1
678,0
679,0
680,1
681,1
682,0
683,1
684,0
685,1
686,0
687,1
688,1
689,1
690,0
691,0
692,1
693,0
694,1
695,1
696,0
697,0
698,1
699,0
700,1
701,0
702,0
703,1
704,0
705,0
706,1
707,1
708,1
709,0
710,0
711,1
712,0
713,1
714,1
715,0
716,0
717,1
718,1
719,1
720,1
721,0
722,1
723,1
724,0
725,0
726,0
727,0
728,1
729,0
730,1
731,1
732,1
733,1
734,1
735,0
736,0
737,1
738,0
739,1
740,0
741,1
742,1
743,1
744,0
745,1
746,1
747,0
748,1
749,1
750,0
751,1
752,0
753,1
754,0
755,1
756,1
757,0
758,1
759,1
760,1
761,0
762,1
763,1
764,1
765,1
766,1
767,1
768,1
769,1
770,1
771,0
772,0
773,0
774,0
775,0
776,1
777,1
778,1
779,1
780,1
781,1
782,1
783,1
784,1
785,1
786,1
787,1
788,0
789,0
790,1
791,0
792,0
793,1
794,0
795,1
796,0
797,1
798,1
799,0
800,0
801,1
802,1
803,0
804,0
805,0
806,0
807,0
808,1
809,0
810,1
811,1
812,0
813,0
814,0
815,1
816,1
817,1
818,0
819,1
820,1
821,0
822,1
823,1
824,1
825,1
826,1
827,0
828,0
829,1
830,1
831,1
832,1
833,0
834,1
835,1
836,1
837,1
838,1
839,1
840,1
841,1
842,0
843,0
844,0
845,0
846,1
847,1
848,1
849,0
850,0
851,1
852,0
853,1
854,0
855,0
856,0
857,0
858,0
859,0
860,1
861,1
862,1
863,0
864,1
865,1
866,1
867,0
868,0
869,0
870,1
871,0
872,1
873,0
874,1
875,1
876,1
877,1
878,1
879,1
880,1
881,0
882,0
883,1
884,0
885,0
886,1
887,0
888,1
889,0
890,1
891,1
892,1
893,1
894,0
895,0
896,1
897,1
898,0
899,0
900,0
901,1
902,0
903,1
904,1
905,0
906,0
907,1
908,1
909,1
910,1
911,1
912,1
913,1
914,1
915,1
916,0
917,0
918,1
919,1
920,0
921,1
922,1
923,0
924,0
925,0
926,0
927,1
928,0
929,1
930,1
931,1
932,1
933,1
934,0
935,1
936,0
937,1
938,0
939,1
940,0
941,1
942,0
943,1
944,1
945,0
946,1
947,0
948,0
949,1
950,0
951,1
952,0
953,0
954,0
955,0
956,1
957,1
958,0
959,0
960,0
961,0
962,0
963,0
964,1
965,1
966,1
967,0
968,0
969,0
970,0
971,1
972,1
973,1
974,1
975,0
976,0
977,1
978,1
979,0
980,0
981,1
982,0
983,0
984,1
985,1
986,0
987,0
988,1
989,0
990,1
991,0
992,0
993,1
994,0
995,1
996,0
997,1
998,0
999,1
1000,1
1001,1
1002,0
1003,0
1004,0
1005,0
1006,0
1007,1
1008,1
1009,1
1010,0
1011,0
1012,0
1013,1
1014,1
1015,1
1016,1
1017,1
1018,1
1019,0
1020,0
1021,0
1022,1
1023,0
1024,1
1025,1
1026,0
1027,1
1028,1
1029,1
1030,1
1031,0
1032,1
1033,1
1034,1
1035,1
1036,0
1037,0
1038,1
1039,0
1040,0
1041,0
1042,1
1043,0
1044,1
1045,0
1046,1
1047,1
1048,0
1049,1
1050,1
1051,1
1052,0
1053,0
1054,1
1055,0
1056,0
1057,0
1058,0
1059,1
1060,0
1061,0
1062,0
1063,1
1064,0
1065,0
1066,1
1067,1
1068,1
1069,0
1070,0
1071,1
1072,0
1073,1
1074,0
1075,0
1076,1
1077,1
1078,0
1079,0
1080,1
1081,1
1082,1
1083,0
1084,1
1085,1
1086,0
1087,1
1088,0
1089,0
1090,0
1091,1
1092,1
1093,1
1094,0
1095,0
1096,1
1097,0
1098,1
1099,1
1100,0
1101,1
1102,0
1103,0
1104,1
1105,1
1106,0
1107,1
1108,1
1109,1
1110,1
1111,1
1112,1
1113,0
1114,1
1115,0
1116,0
1117,1
1118,1
1119,0
1120,1
1121,1
1122,0
1123,1
1124,1
1125,0
1126,0
1127,1
1128,1
1129,1
1130,0
1131,1
1132,1
1133,1
1134,1
1135,1
1136,0
1137,1
1138,1
1139,0
1140,1
1141,0
1142,1
1143,0
1144,1
1145,1
1146,1
1147,1
1148,1
1149,0
1150,0
1151,1
1152,1
1153,0
1154,0
1155,0
1156,1
1157,0
1158,1
1159,1
1160,0
1161,0
1162,0
1163,1
1164,0
1165,1
1166,1
1167,0
1168,0
1169,1
1170,0
1171,1
1172,1
1173,1
1174,1
1175,1
1176,1
1177,0
1178,1
1179,0
1180,1
1181,1
1182,0
1183,1
1184,0
1185,0
1186,0
1187,0
1188,0
1189,0
1190,1
1191,1
1192,0
1193,0
1194,0
1195,1
1196,1
1197,1
1198,1
1199,0
1200,1
1201,1
1202,0
1203,1
1204,0
1205,1
1206,1
1207,0
1208,1
1209,1
1210,0
1211,1
1212,0
1213,1
1214,1
1215,0
1216,0
1217,0
1218,1
1219,0
1220,1
1221,0
1222,0
1223,1
1224,0
1225,0
1226,1
1227,1
1228,0
1229,1
1230,0
1231,0
1232,0
1233,1
1234,0
1235,0
1236,0
1237,0
1238,0
1239,0
1240,1
1241,1
1242,0
1243,0
1244,0
1245,0
1246,0
1247,0
1248,1
1249,1
1250,0
1251,0
1252,0
1253,0
1254,0
1255,1
1256,1
1257,1
1258,0
1259,0
1260,1
1261,1
1262,0
1263,0
1264,0
1265,1
1266,1
1267,1
1268,1
1269,0
1270,0
1271,0
1272,0
1273,0
1274,0
1275,1
1276,0
1277,1
1278,0
1279,1
1280,0
1281,0
1282,0
1283,0
1284,0
1285,1
1286,0
1287,0
1288,1
1289,1
1290,1
1291,1
1292,1
1293,1
1294,1
1295,0
1296,0
1297,1
1298,0
1299,0
1300,0
1301,0
1302,0
1303,0
1304,1
1305,0
1306,1
1307,1
1308,1
1309,1
1310,0
1311,1
1312,1
1313,1
1314,0
1315,0
1316,1
1317,1
1318,0
1319,1
1320,0
1321,1
1322,1
1323,1
1324,0
1325,1
1326,1
1327,1
1328,1
1329,0
1330,1
1331,1
1332,1
1333,1
1334,0
1335,0
1336,0
1337,1
1338,0
1339,1
1340,1
1341,0
1342,0
1343,1
1344,1
1345,1
1346,1
1347,0
1348,0
1349,1
1350,0
1351,0
1352,0
1353,0
1354,1
1355,0
1356,1
1357,1
1358,1
1359,1
1360,1
1361,0
1362,1
1363,1
1364,0
1365,1
1366,1
1367,1
1368,0
1369,1
1370,0
1371,0
1372,0
1373,1
1374,1
1375,1
1376,0
1377,0
1378,1
1379,0
1380,1
1381,1
1382,0
1383,0
1384,0
1385,1
1386,1
1387,0
1388,1
1389,1
1390,1
1391,1
1392,1
1393,0
1394,0
1395,0
1396,0
1397,1
1398,1
1399,1
1400,0
1401,0
1402,1
1403,1
1404,1
1405,0
1406,0
1407,0
1408,0
1409,0
1410,0
1411,0
1412,1
1413,1
1414,0
1415,1
1416,1
1417,1
1418,1
1419,1
1420,1
1421,0
1422,0
1423,1
1424,1
1425,0
1426,0
1427,0
1428,1
1429,0
1430,1
1431,1
1432,1
1433,1
1434,0
1435,1
1436,1
1437,0
1438,0
1439,1
1440,1
1441,1
1442,0
1443,1
1444,0
1445,0
1446,1
1447,0
1448,1
1449,1
1450,0
1451,0
1452,1
1453,0
1454,0
1455,0
1456,0
1457,0
1458,0
1459,1
1460,0
1461,1
1462,1
1463,0
1464,1
1465,1
1466,1
1467,0
1468,1
1469,1
1470,0
1471,1
1472,0
1473,1
1474,1
1475,0
1476,0
1477,1
1478,1
1479,0
1480,0
1481,0
1482,1
1483,1
1484,0
1485,1
1486,1
1487,0
1488,0
1489,1
1490,1
1491,0
1492,1
1493,1
1494,0
1495,1
1496,0
1497,0
1498,1
1499,0
1500,0
1501,0
1502,0
1503,1
1504,0
1505,0
1506,1
1507,0
1508,0
1509,0
1510,1
1511,1
1512,1
1513,0
1514,0
1515,0
1516,1
1517,1
1518,0
1519,1
1520,0
1521,1
1522,0
1523,0
1524,1
1525,0
1526,1
1527,0
1528,0
1529,1
1530,1
1531,1
1532,1
1533,1
1534,0
1535,1
1536,0
1537,1
1538,1
1539,0
1540,0
1541,0
1542,1
1543,0
1544,1
1545,0
1546,1
1547,1
1548,1
1549,0
1550,1
1551,1
1552,0
1553,0
1554,0
1555,1
1556,1
1557,1
1558,0
1559,1
1560,0
1561,1
1562,0
1563,1
1564,1
1565,0
1566,0
1567,1
1568,1
1569,0
1570,0
1571,0
1572,1
1573,1
1574,1
1575,1
1576,1
1577,1
1578,1
1579,0
1580,0
1581,1
1582,1
1583,1
1584,1
1585,1
1586,0
1587,1
1588,1
1589,1
1590,0
1591,0
1592,1
1593,1
1594,0
1595,0
1596,1
1597,1
1598,1
1599,1
1600,1
1601,0
1602,0
1603,0
1604,0
1605,0
1606,0
1607,1
1608,0
1609,1
1610,0
1611,0
1612,0
1613,0
1614,0
1615,1
1616,0
1617,1
1618,1
1619,1
1620,0
1621,0
1622,1
1623,1
1624,0
1625,0
1626,1
1627,0
1628,0
1629,1
1630,0
1631,1
1632,1
1633,0
1634,0
1635,1
1636,0
1637,0
1638,1
1639,1
1640,1
1641,0
1642,0
1643,0
1644,0
1645,1
1646,0
1647,0
1648,0
1649,1
1650,0
1651,1
1652,0
1653,1
1654,1
1655,1
1656,0
1657,1
1658,0
1659,1
1660,0
1661,0
1662,1
1663,1
1664,1
1665,0
1666,1
1667,1
1668,0
1669,0
1670,0
1671,1
1672,0
1673,0
1674,1
1675,1
1676,1
1677,1
1678,1
1679,1
1680,1
1681,0
1682,0
1683,1
1684,0
1685,0
1686,1
1687,0
1688,0
1689,1
1690,0
1691,0
1692,1
1693,0
1694,1
1695,1
1696,0
1697,1
1698,1
1699,1
1700,1
1701,1
1702,0
1703,0
1704,0
1705,0
1706,0
1707,1
1708,1
1709,0
1710,1
1711,1
1712,0
1713,0
1714,0
1715,0
1716,0
1717,1
1718,1
1719,1
1720,1
1721,0
1722,0
1723,0
1724,1
1725,1
1726,1
1727,1
1728,0
1729,0
1730,1
1731,0
1732,0
1733,1
1734,1
1735,0
1736,1
1737,0
1738,1
1739,0
1740,1
1741,0
1742,1
1743,0
1744,1
1745,1
1746,1
1747,1
1748,0
1749,1
1750,0
1751,1
1752,1
1753,0
1754,0
1755,0
1756,1
1757,0
1758,0
1759,0
1760,1
1761,1
1762,1
1763,1
1764,0
1765,1
1766,0
1767,1
1768,1
1769,1
1770,1
1771,1
1772,0
1773,1
1774,1
1775,0
1776,0
1777,1
1778,1
1779,1
1780,0
1781,0
1782,0
1783,0
1784,0
1785,1
1786,0
1787,1
1788,0
1789,0
1790,0
1791,0
1792,1
1793,0
1794,0
1795,1
1796,0
1797,0
1798,0
1799,0
1800,0
1801,1
1802,1
1803,0
1804,1
1805,0
1806,0
1807,1
1808,0
1809,0
1810,0
1811,1
1812,0
1813,1
1814,1
1815,1
1816,1
1817,1
1818,1
1819,1
1820,1
1821,1
1822,1
1823,1
1824,1
1825,1
1826,0
1827,1
1828,0
1829,0
1830,1
1831,0
1832,1
1833,1
1834,0
1835,0
1836,1
1837,0
1838,1
1839,1
1840,1
1841,0
1842,1
1843,1
1844,1
1845,1
1846,1
1847,1
1848,1
1849,0
1850,1
1851,1
1852,0
1853,0
1854,0
1855,0
1856,0
1857,1
1858,1
1859,1
1860,1
1861,0
1862,1
1863,1
1864,0
1865,0
1866,0
1867,0
1868,0
1869,0
1870,1
1871,0
1872,0
1873,1
1874,1
1875,0
1876,1
1877,0
1878,0
1879,1
1880,1
1881,0
1882,1
1883,1
1884,1
1885,0
1886,0
1887,1
1888,0
1889,1
1890,1
1891,1
1892,1
1893,1
1894,0
1895,0
1896,1
1897,1
1898,1
1899,1
1900,0
1901,1
1902,0
1903,0
1904,1
1905,0
1906,0
1907,1
1908,0
1909,1
1910,1
1911,0
1912,0
1913,0
1914,0
1915,1
1916,1
1917,0
1918,1
1919,0
1920,0
1921,1
1922,1
1923,0
1924,1
1925,1
1926,1
1927,1
1928,1
1929,1
1930,1
1931,1
1932,0
1933,1
1934,0
1935,1
1936,0
1937,1
1938,0
1939,0
1940,0
1941,1
1942,1
1943,0
1944,1
1945,0
1946,1
1947,1
1948,1
1949,0
1950,1
1951,1
1952,0
1953,0
1954,1
1955,0
1956,1
1957,1
1958,1
1959,0
1960,1
1961,1
1962,0
1963,1
1964,1
1965,0
1966,1
1967,1
1968,1
1969,0
1970,0
1971,0
1972,1
1973,1
1974,0
1975,1
1976,1
1977,0
1978,0
1979,0
1980,0
1981,1
1982,0
1983,1
1984,0
1985,1
1986,0
1987,0
1988,0
1989,1
1990,1
1991,1
1992,0
1993,1
1994,1
1995,0
1996,1
1997,1
1998,1
1999,1
2000,1
2001,0
2002,0
2003,1
2004,1
2005,1
2006,1
2007,1
2008,1
2009,0
2010,0
2011,1
2012,1
2013,0
2014,0
2015,0
2016,1
2017,0
2018,1
2019,0
2020,1
2021,0
2022,1
2023,0
2024,0
2025,1
2026,0
2027,1
2028,0
2029,1
2030,1
2031,1
2032,1
2033,1
2034,0
2035,1
2036,0
2037,0
2038,0
2039,0
2040,1
2041,1
2042,1
2043,1
2044,1
2045,0
2046,0
2047,1
2048,1
2049,1
2050,1
2051,0
2052,0
2053,1
2054,0
2055,1
2056,0
2057,1
2058,0
2059,0
2060,1
2061,0
2062,1
2063,1
2064,1
2065,1
2066,1
2067,1
2068,0
2069,1
2070,1
2071,1
2072,1
2073,1
2074,0
2075,0
2076,1
2077,0
2078,0
2079,0
2080,0
2081,1
2082,1
2083,1
2084,1
2085,0
2086,1
2087,0
2088,1
2089,0
2090,1
2091,1
2092,1
2093,0
2094,1
2095,0
2096,1
2097,0
2098,1
2099,1
2100,0
2101,1
2102,0
2103,1
2104,0
2105,0
2106,1
2107,0
2108,1
2109,0
2110,0
2111,1
2112,0
2113,0
2114,0
2115,0
2116,0
2117,1
2118,0
2119,1
2120,0
2121,1
2122,0
2123,1
2124,0
2125,0
2126,0
2127,0
2128,1
2129,1
2130,0
2131,1
2132,1
2133,1
2134,0
2135,0
2136,1
2137,1
2138,1
2139,0
2140,1
2141,1
2142,0
2143,1
2144,0
2145,0
2146,0
2147,1
2148,0
2149,0
2150,1
2151,1
2152,0
2153,1
2154,0
2155,1
2156,1
2157,0
2158,1
2159,1
2160,1
2161,0
2162,1
2163,0
2164,0
2165,1
2166,1
2167,0
2168,1
2169,1
2170,0
2171,1
2172,1
2173,1
2174,0
2175,0
2176,1
2177,1
2178,1
2179,0
2180,0
2181,0
2182,0
2183,1
2184,1
2185,1
2186,1
2187,0
2188,1
2189,0
2190,0
2191,1
2192,0
2193,1
2194,1
2195,0
2196,1
2197,0
2198,1
2199,0
2200,0
2201,0
2202,0
2203,0
2204,0
2205,0
2206,0
2207,1
2208,1
2209,1
2210,1
2211,1
2212,1
2213,0
2214,0
2215,1
2216,0
2217,1
2218,0
2219,1
2220,0
2221,0
2222,0
2223,1
2224,0
2225,0
2226,1
2227,1
2228,1
2229,0
2230,1
2231,0
2232,1
2233,1
2234,1
2235,0
2236,1
2237,1
2238,0
2239,1
2240,1
2241,1
2242,1
2243,0
2244,0
2245,0
2246,1
2247,0
2248,0
2249,1
2250,1
2251,0
2252,0
2253,1
2254,1
2255,1
2256,1
2257,0
2258,1
2259,0
2260,0
2261,1
2262,1
2263,0
2264,1
2265,1
2266,1
2267,1
2268,0
2269,1
2270,1
2271,0
2272,0
2273,1
2274,0
2275,0
2276,0
2277,1
2278,1
2279,1
2280,0
2281,0
2282,0
2283,0
2284,0
2285,1
2286,0
2287,1
2288,1
2289,1
2290,1
2291,1
2292,0
2293,1
2294,0
2295,1
2296,1
2297,0
2298,1
2299,0
2300,0
2301,0
2302,0
2303,0
2304,0
2305,1
2306,0
2307,0
2308,1
2309,0
2310,1
2311,0
2312,0
2313,1
2314,0
2315,0
2316,1
2317,0
2318,1
2319,1
2320,1
2321,1
2322,0
2323,0
2324,1
2325,1
2326,1
2327,1
2328,1
2329,0
2330,0
2331,0
2332,0
2333,1
2334,0
2335,1
2336,0
2337,1
2338,1
2339,0
2340,0
2341,1
2342,1
2343,1
2344,1
2345,0
2346,0
2347,1
2348,0
2349,1
2350,1
2351,0
2352,1
2353,0
2354,1
2355,1
2356,1
2357,1
2358,1
2359,1
2360,1
2361,1
2362,0
2363,0
2364,0
2365,1
2366,0
2367,0
2368,1
2369,1
2370,0
2371,0
2372,1
2373,0
2374,0
2375,1
2376,0
2377,0
2378,0
2379,1
2380,0
2381,1
2382,1
2383,0
2384,1
2385,0
2386,1
2387,1
2388,1
2389,1
2390,0
2391,0
2392,1
2393,0
2394,0
2395,0
2396,1
2397,1
2398,1
2399,0
2400,0
2401,1
2402,0
2403,0
2404,1
2405,0
2406,0
2407,0
2408,0
2409,1
2410,0
2411,0
2412,0
2413,1
2414,1
2415,1
2416,1
2417,0
2418,0
2419,0
2420,1
2421,0
2422,0
2423,0
2424,0
2425,1
2426,1
2427,0
2428,1
2429,1
2430,1
2431,1
2432,0
2433,1
2434,0
2435,0
2436,1
2437,1
2438,0
2439,0
2440,0
2441,0
2442,1
2443,0
2444,0
2445,0
2446,0
2447,1
2448,1
2449,0
2450,0
2451,1
2452,0
2453,0
2454,1
2455,0
2456,1
2457,1
2458,0
2459,1
2460,1
2461,0
2462,1
2463,0
2464,0
2465,0
2466,0
2467,1
2468,1
2469,1
2470,1
2471,1
2472,1
2473,0
2474,0
2475,1
2476,0
2477,0
2478,1
2479,1
2480,0
2481,0
2482,1
2483,1
2484,0
2485,0
2486,0
2487,0
2488,1
2489,0
2490,0
2491,0
2492,1
2493,0
2494,0
2495,0
2496,1
2497,1
2498,1
2499,0
2500,1
2501,0
2502,1
2503,0
2504,0
2505,1
2506,1
2507,1
2508,1
2509,1
2510,0
2511,0
2512,1
2513,1
2514,0
2515,0
2516,0
2517,0
2518,1
2519,1
2520,0
2521,0
2522,1
2523,1
2524,1
2525,0
2526,0
2527,1
2528,1
2529,1
2530,0
2531,0
2532,1
2533,0
2534,0
2535,0
2536,1
2537,0
2538,1
2539,1
2540,1
2541,0
2542,1
2543,0
2544,1
2545,0
2546,0
2547,0
2548,0
2549,0
2550,0
2551,0
2552,1
2553,0
2554,0
2555,1
2556,0
2557,0
2558,1
2559,0
2560,0
2561,0
2562,0
2563,1
2564,1
2565,1
2566,0
2567,1
2568,1
2569,0
2570,0
2571,0
2572,0
2573,1
2574,1
2575,0
2576,1
2577,1
2578,1
2579,0
2580,1
2581,1
2582,0
2583,1
2584,0
2585,0
2586,0
2587,0
2588,0
2589,1
2590,0
2591,0
2592,1
2593,0
2594,0
2595,1
2596,0
2597,0
2598,1
2599,0
2600,1
2601,0
2602,0
2603,0
2604,1
2605,0
2606,0
2607,0
2608,1
2609,0
2610,0
2611,1
2612,0
2613,0
2614,0
2615,0
2616,0
2617,0
2618,1
2619,0
2620,0
2621,0
2622,1
2623,1
2624,1
2625,0
2626,1
2627,1
2628,1
2629,1
2630,0
2631,0
2632,1
2633,1
2634,1
2635,1
2636,0
2637,0
2638,1
2639,1
2640,0
2641,1
2642,1
2643,0
2644,1
2645,0
2646,0
2647,1
2648,1
2649,0
2650,1
2651,1
2652,0
2653,0
2654,0
2655,0
2656,0
2657,0
2658,0
2659,0
2660,0
2661,1
2662,0
2663,0
2664,1
2665,1
2666,1
2667,1
2668,0
2669,0
2670,1
2671,1
2672,1
2673,0
2674,1
2675,1
2676,0
2677,0
2678,0
2679,0
2680,0
2681,0
2682,0
2683,1
2684,0
2685,1
2686,1
2687,0
2688,0
2689,1
2690,1
2691,0
2692,0
2693,0
2694,1
2695,1
2696,1
2697,0
2698,1
2699,1
2700,1
2701,1
2702,1
2703,1
2704,1
2705,1
2706,1
2707,0
2708,0
2709,0
2710,1
2711,0
2712,0
2713,1
2714,1
2715,0
2716,0
2717,0
2718,1
2719,1
2720,0
2721,1
2722,1
2723,0
2724,1
2725,1
2726,0
2727,0
2728,1
2729,1
2730,0
2731,0
2732,1
2733,0
2734,1
2735,1
2736,1
2737,1
2738,1
2739,0
2740,1
2741,1
2742,1
2743,0
2744,0
2745,1
2746,1
2747,0
2748,0
2749,1
2750,0
2751,0
2752,1
2753,0
2754,0
2755,1
2756,1
2757,1
2758,1
2759,0
2760,1
2761,0
2762,0
2763,0
2764,0
2765,1
2766,1
2767,0
2768,0
2769,1
2770,0
2771,0
2772,0
2773,0
2774,1
2775,1
2776,1
2777,1
2778,1
2779,1
2780,1
2781,0
2782,1
2783,1
2784,1
2785,1
2786,0
2787,0
2788,1
2789,0
2790,1
2791,0
2792,1
2793,1
2794,1
2795,0
2796,1
2797,0
2798,1
2799,1
2800,1
2801,1
2802,0
2803,1
2804,1
2805,0
2806,1
2807,1
2808,0
2809,1
2810,0
2811,0
2812,1
2813,0
2814,0
2815,1
2816,1
2817,1
2818,0
2819,0
2820,1
2821,0
2822,0
2823,0
2824,0
2825,0
2826,1
2827,1
2828,1
2829,1
2830,0
2831,1
2832,1
2833,1
2834,0
2835,0
2836,1
2837,1
2838,1
2839,0
2840,0
2841,0
2842,0
2843,1
2844,0
2845,0
2846,1
2847,1
2848,1
2849,0
2850,0
2851,0
2852,0
2853,1
2854,0
2855,1
2856,1
2857,0
2858,0
2859,1
2860,0
2861,1
2862,1
2863,1
2864,0
2865,0
2866,1
2867,1
2868,0
2869,1
2870,0
2871,1
2872,0
2873,0
2874,1
2875,0
2876,1
2877,0
2878,1
2879,0
2880,0
2881,1
2882,0
2883,1
2884,0
2885,0
2886,1
2887,0
2888,1
2889,0
2890,0
2891,1
2892,0
2893,1
2894,1
2895,0
2896,0
2897,0
2898,0
2899,0
2900,1
2901,1
2902,0
2903,1
2904,1
2905,1
2906,1
2907,1
2908,1
2909,1
2910,1
2911,1
2912,0
2913,0
2914,1
2915,0
2916,0
2917,1
2918,0
2919,0
2920,1
2921,0
2922,1
2923,1
2924,1
2925,0
2926,0
2927,0
2928,0
2929,0
2930,1
2931,1
2932,0
2933,1
2934,0
2935,1
2936,1
2937,1
2938,0
2939,0
2940,0
2941,0
2942,1
2943,0
2944,0
2945,1
2946,0
2947,1
2948,1
2949,0
2950,0
2951,0
2952,0
2953,1
2954,1
2955,1
2956,1
2957,1
2958,0
2959,1
2960,1
2961,1
2962,1
2963,0
2964,0
2965,0
2966,1
2967,0
2968,0
2969,0
2970,1
2971,1
2972,0
2973,1
2974,0
2975,1
2976,1
2977,1
2978,0
2979,1
2980,1
2981,0
2982,0
2983,0
2984,1
2985,1
2986,1
2987,0
2988,0
2989,1
2990,1
2991,0
2992,1
2993,0
2994,1
2995,1
2996,0
2997,0
2998,1
2999,1
3000,0
3001,1
3002,1
3003,1
3004,0
3005,1
3006,0
3007,1
3008,1
3009,1
3010,0
3011,0
3012,0
3013,1
3014,1
3015,1
3016,1
3017,1
3018,0
3019,1
3020,1
3021,1
3022,0
3023,1
3024,0
3025,1
3026,1
3027,0
3028,1
3029,1
3030,1
3031,0
3032,1
3033,0
3034,0
3035,0
3036,1
3037,0
3038,1
3039,1
3040,0
3041,1
3042,0
3043,0
3044,0
3045,0
3046,1
3047,1
3048,1
3049,0
3050,1
3051,0
3052,0
3053,0
3054,0
3055,1
3056,1
3057,0
3058,0
3059,0
3060,0
3061,1
3062,1
3063,1
3064,1
3065,1
3066,1
3067,0
3068,0
3069,1
3070,0
3071,0
3072,1
3073,0
3074,0
3075,0
3076,0
3077,0
3078,1
3079,1
3080,1
3081,1
3082,1
3083,0
3084,1
3085,1
3086,0
3087,0
3088,0
3089,0
3090,1
3091,0
3092,1
3093,1
3094,0
3095,1
3096,1
3097,0
3098,1
3099,1
3100,0
3101,0
3102,1
3103,1
3104,0
3105,1
3106,1
3107,1
3108,1
3109,0
3110,1
3111,1
3112,0
3113,0
3114,0
3115,0
3116,1
3117,0
3118,1
3119,0
3120,0
3121,0
3122,0
3123,1
3124,0
3125,0
3126,0
3127,1
3128,1
3129,1
3130,1
3131,1
3132,1
3133,1
3134,1
3135,0
3136,1
3137,0
3138,0
3139,1
3140,1
3141,0
3142,0
3143,1
3144,0
3145,0
3146,1
3147,0
3148,0
3149,0
3150,1
3151,1
3152,1
3153,1
3154,0
3155,0
3156,1
3157,0
3158,0
3159,1
3160,0
3161,0
3162,1
3163,0
3164,1
3165,1
3166,0
3167,0
3168,0
3169,1
3170,0
3171,0
3172,0
3173,1
3174,1
3175,1
3176,1
3177,1
3178,1
3179,1
3180,1
3181,0
3182,1
3183,0
3184,1
3185,1
3186,1
3187,0
3188,1
3189,1
3190,1
3191,1
3192,0
3193,0
3194,1
3195,0
3196,0
3197,0
3198,0
3199,0
3200,0
3201,1
3202,1
3203,1
3204,0
3205,0
3206,0
3207,0
3208,1
3209,1
3210,0
3211,0
3212,0
3213,1
3214,1
3215,1
3216,0
3217,1
3218,1
3219,0
3220,1
3221,0
3222,1
3223,0
3224,1
3225,1
3226,1
3227,1
3228,0
3229,1
3230,0
3231,0
3232,1
3233,1
3234,1
3235,1
3236,0
3237,1
3238,1
3239,0
3240,0
3241,1
3242,0
3243,1
3244,1
3245,0
3246,0
3247,1
3248,1
3249,1
3250,1
3251,0
3252,1
3253,1
3254,1
3255,1
3256,1
3257,1
3258,1
3259,1
3260,0
3261,0
3262,1
3263,0
3264,0
3265,1
3266,1
3267,0
3268,0
3269,0
3270,0
3271,1
3272,0
3273,0
3274,0
3275,1
3276,1
3277,1
3278,0
3279,1
3280,0
3281,0
3282,1
3283,0
3284,0
3285,0
3286,1
3287,1
3288,1
3289,0
3290,1
3291,1
3292,0
3293,0
3294,1
3295,0
3296,0
3297,0
3298,1
3299,0
3300,0
3301,1
3302,1
3303,0
3304,1
3305,0
3306,1
3307,1
3308,0
3309,0
3310,1
3311,1
3312,1
3313,1
3314,0
3315,0
3316,0
3317,0
3318,1
3319,0
3320,0
3321,1
3322,1
3323,1
3324,1
3325,0
3326,1
3327,1
3328,0
3329,0
3330,1
3331,1
3332,0
3333,1
3334,1
3335,1
3336,1
3337,1
3338,0
3339,1
3340,0
3341,1
3342,1
3343,0
3344,1
3345,1
3346,0
3347,1
3348,0
3349,1
3350,0
3351,0
3352,0
3353,1
3354,0
3355,0
3356,1
3357,0
3358,1
3359,0
3360,0
3361,1
3362,0
3363,1
3364,1
3365,1
3366,0
3367,0
3368,0
3369,0
3370,1
3371,1
3372,0
3373,1
3374,0
3375,1
3376,0
3377,0
3378,0
3379,1
3380,0
3381,1
3382,0
3383,1
3384,0
3385,0
3386,1
3387,0
3388,0
3389,0
3390,0
3391,1
3392,1
3393,1
3394,0
3395,0
3396,1
3397,1
3398,1
3399,0
3400,1
3401,0
3402,1
3403,0
3404,0
3405,1
3406,1
3407,0
3408,1
3409,0
3410,0
3411,1
3412,0
3413,0
3414,0
3415,1
3416,1
3417,1
3418,0
3419,1
3420,1
3421,0
3422,1
3423,0
3424,1
3425,1
3426,0
3427,1
3428,0
3429,1
3430,1
3431,1
3432,0
3433,0
3434,0
3435,1
3436,0
3437,0
3438,1
3439,0
3440,0
3441,0
3442,1
3443,0
3444,1
3445,1
3446,0
3447,1
3448,0
3449,0
3450,1
3451,0
3452,1
3453,0
3454,0
3455,1
3456,0
3457,1
3458,1
3459,1
3460,1
3461,0
3462,0
3463,0
3464,0
3465,0
3466,0
3467,1
3468,0
3469,1
3470,1
3471,1
3472,0
3473,0
3474,0
3475,0
3476,0
3477,0
3478,0
3479,0
3480,1
3481,0
3482,0
3483,1
3484,0
3485,0
3486,0
3487,0
3488,1
3489,1
3490,0
3491,0
3492,1
3493,1
3494,0
3495,1
3496,1
3497,0
3498,1
3499,0
3500,0
3501,0
3502,0
3503,1
3504,0
3505,1
3506,0
3507,0
3508,1
3509,1
3510,0
3511,0
3512,1
3513,0
3514,0
3515,1
3516,1
3517,0
3518,0
3519,1
3520,1
3521,1
3522,1
3523,1
3524,1
3525,0
3526,1
3527,1
3528,0
3529,1
3530,0
3531,1
3532,1
3533,0
3534,1
3535,1
3536,1
3537,0
3538,1
3539,1
3540,1
3541,0
3542,0
3543,0
3544,1
3545,1
3546,0
3547,1
3548,1
3549,0
3550,0
3551,1
3552,1
3553,0
3554,1
3555,1
3556,0
3557,0
3558,1
3559,1
3560,1
3561,0
3562,0
3563,1
3564,1
3565,0
3566,0
3567,0
3568,1
3569,1
3570,0
3571,1
3572,0
3573,1
3574,0
3575,0
3576,0
3577,0
3578,1
3579,1
3580,0
3581,0
3582,0
3583,0
3584,1
3585,1
3586,1
3587,1
3588,1
3589,1
3590,1
3591,1
3592,0
3593,0
3594,1
3595,1
3596,1
3597,0
3598,0
3599,1
3600,0
3601,0
3602,1
3603,0
3604,0
3605,1
3606,0
3607,0
3608,1
3609,0
3610,1
3611,1
3612,1
3613,1
3614,0
3615,1
3616,0
3617,0
3618,0
3619,1
3620,0
3621,1
3622,1
3623,1
3624,1
3625,1
3626,0
3627,0
3628,0
3629,1
3630,1
3631,1
3632,1
3633,0
3634,0
3635,0
3636,1
3637,1
3638,1
3639,1
3640,1
3641,1
3642,1
3643,0
3644,1
3645,1
3646,1
3647,1
3648,1
3649,0
3650,1
3651,0
3652,0
3653,1
3654,1
3655,0
3656,1
3657,0
3658,1
3659,1
3660,0
3661,0
3662,0
3663,0
3664,0
3665,0
3666,0
3667,0
3668,1
3669,1
3670,1
3671,0
3672,1
3673,1
3674,1
3675,1
3676,0
3677,0
3678,0
3679,1
3680,1
3681,0
3682,1
3683,0
3684,0
3685,1
3686,1
3687,0
3688,0
3689,0
3690,1
3691,1
3692,1
3693,1
3694,1
3695,0
3696,1
3697,0
3698,0
3699,1
3700,0
3701,1
3702,1
3703,1
3704,0
3705,1
3706,0
3707,0
3708,0
3709,1
3710,1
3711,0
3712,0
3713,0
3714,1
3715,0
3716,0
3717,0
3718,0
3719,1
3720,1
3721,1
3722,1
3723,1
3724,1
3725,0
3726,1
3727,0
3728,1
3729,0
3730,0
3731,0
3732,1
3733,1
3734,1
3735,1
3736,0
3737,0
3738,0
3739,0
3740,1
3741,1
3742,1
3743,0
3744,1
3745,0
3746,0
3747,0
3748,1
3749,1
3750,0
3751,0
3752,1
3753,1
3754,1
3755,0
3756,0
3757,1
3758,1
3759,1
3760,1
3761,0
3762,0
3763,1
3764,0
3765,1
3766,1
3767,0
3768,1
3769,0
3770,0
3771,1
3772,0
3773,0
3774,0
3775,1
3776,1
3777,1
3778,0
3779,0
3780,1
3781,0
3782,1
3783,1
3784,1
3785,0
3786,1
3787,1
3788,1
3789,0
3790,0
3791,0
3792,0
3793,0
3794,0
3795,0
3796,1
3797,1
3798,0
3799,1
3800,0
3801,1
3802,1
3803,1
3804,0
3805,0
3806,1
3807,0
3808,1
3809,1
3810,1
3811,1
3812,0
3813,1
3814,1
3815,0
3816,0
3817,1
3818,1
3819,0
3820,1
3821,0
3822,1
3823,1
3824,1
3825,1
3826,1
3827,1
3828,0
3829,1
3830,1
3831,1
3832,0
3833,1
3834,1
3835,1
3836,0
3837,1
3838,1
3839,0
3840,0
3841,0
3842,0
3843,0
3844,0
3845,1
3846,1
3847,0
3848,0
3849,1
3850,1
3851,0
3852,1
3853,0
3854,1
3855,0
3856,1
3857,0
3858,1
3859,0
3860,1
3861,1
3862,0
3863,1
3864,0
3865,0
3866,1
3867,1
3868,1
3869,0
3870,1
3871,1
3872,1
3873,1
3874,1
3875,1
3876,1
3877,1
3878,1
3879,0
3880,1
3881,1
3882,1
3883,0
3884,0
3885,1
3886,1
3887,1
3888,0
3889,0
3890,0
3891,1
3892,1
3893,0
3894,1
3895,1
3896,0
3897,0
3898,0
3899,0
3900,0
3901,1
3902,1
3903,0
3904,1
3905,0
3906,1
3907,0
3908,1
3909,1
3910,0
3911,1
3912,1
3913,1
3914,1
3915,1
3916,0
3917,0
3918,0
3919,0
3920,0
3921,0
3922,0
3923,1
3924,0
3925,1
3926,0
3927,0
3928,0
3929,1
3930,1
3931,0
3932,1
3933,1
3934,0
3935,1
3936,0
3937,0
3938,1
3939,0
3940,0
3941,1
3942,1
3943,1
3944,0
3945,1
3946,0
3947,0
3948,1
3949,1
3950,1
3951,1
3952,1
3953,0
3954,0
3955,0
3956,0
3957,1
3958,1
3959,0
3960,0
3961,0
3962,1
3963,1
3964,1
3965,1
3966,1
3967,1
3968,1
3969,0
3970,0
3971,0
3972,1
3973,1
3974,1
3975,0
3976,1
3977,1
3978,1
3979,0
3980,0
3981,1
3982,1
3983,1
3984,1
3985,0
3986,1
3987,0
3988,0
3989,1
3990,1
3991,1
3992,0
3993,1
3994,0
3995,1
3996,0
3997,1
3998,1
3999,1
4000,1
4001,0
4002,1
4003,0
4004,0
4005,0
4006,0
4007,1
4008,1
4009,1
4010,0
4011,0
4012,1
4013,1
4014,0
4015,1
4016,1
4017,1
4018,0
4019,0
4020,0
4021,1
4022,1
4023,1
4024,0
4025,1
4026,1
4027,0
4028,0
4029,0
4030,0
4031,0
4032,0
4033,1
4034,0
4035,1
4036,0
4037,0
4038,0
4039,1
4040,1
4041,1
4042,0
4043,0
4044,0
4045,1
4046,0
4047,1
4048,1
4049,0
4050,1
4051,1
4052,0
4053,1
4054,0
4055,1
4056,0
4057,0
4058,0
4059,1
4060,1
4061,1
4062,0
4063,1
4064,0
4065,1
4066,0
4067,0
4068,0
4069,1
4070,1
4071,1
4072,0
4073,0
4074,1
4075,0
4076,0
4077,0
4078,0
4079,1
4080,0
4081,0
4082,1
4083,1
4084,0
4085,1
4086,1
4087,1
4088,1
4089,1
4090,1
4091,0
4092,1
4093,1
4094,0
4095,1
4096,1
4097,1
4098,1
4099,1
4100,0
4101,1
4102,1
4103,0
4104,0
4105,0
4106,0
4107,1
4108,1
4109,1
4110,1
4111,1
4112,0
4113,1
4114,1
4115,0
4116,1
4117,0
4118,0
4119,0
4120,1
4121,0
4122,1
4123,1
4124,1
4125,1
4126,0
4127,0
4128,0
4129,0
4130,0
4131,0
4132,1
4133,0
4134,0
4135,1
4136,1
4137,1
4138,1
4139,0
4140,1
4141,0
4142,1
4143,0
4144,1
4145,1
4146,1
4147,1
4148,1
4149,1
4150,1
4151,1
4152,0
4153,1
4154,0
4155,0
4156,1
4157,0
4158,1
4159,1
4160,0
4161,1
4162,0
4163,1
4164,0
4165,1
4166,0
4167,0
4168,1
4169,1
4170,0
4171,0
4172,0
4173,1
4174,1
4175,0
4176,0
4177,0
4178,1
4179,1
4180,0
4181,1
4182,0
4183,0
4184,0
4185,1
4186,1
4187,0
4188,1
4189,1
4190,0
4191,1
4192,0
4193,0
4194,0
4195,0
4196,1
4197,1
4198,0
4199,0
4200,1
4201,1
4202,0
4203,1
4204,1
4205,1
4206,1
4207,0
4208,1
4209,1
4210,1
4211,0
4212,0
4213,1
4214,1
4215,1
4216,0
4217,1
4218,0
4219,1
4220,0
4221,1
4222,1
4223,1
4224,1
4225,0
4226,0
4227,0
4228,1
4229,1
4230,1
4231,0
4232,0
4233,1
4234,1
4235,0
4236,1
4237,0
4238,1
4239,0
4240,1
4241,0
4242,1
4243,1
4244,0
4245,0
4246,0
4247,0
4248,1
4249,0
4250,0
4251,1
4252,1
4253,1
4254,0
4255,1
4256,0
4257,1
4258,1
4259,0
4260,1
4261,1
4262,0
4263,0
4264,1
4265,1
4266,1
4267,0
4268,1
4269,1
4270,0
4271,1
4272,1
4273,1
4274,0
4275,1
4276,1
4277,1
4278,1
4279,1
4280,1
4281,0
4282,0
4283,1
4284,1
4285,1
4286,0
4287,0
4288,1
4289,0
4290,0
4291,1
4292,0
4293,0
4294,0
4295,0
4296,0
4297,1
4298,0
4299,0
4300,1
4301,0
4302,1
4303,0
4304,0
4305,0
4306,0
4307,1
4308,1
4309,0
4310,1
4311,0
4312,1
4313,0
4314,0
4315,0
4316,0
4317,1
4318,0
4319,1
4320,0
4321,0
4322,0
4323,1
4324,0
4325,0
4326,0
4327,1
4328,0
4329,0
4330,0
4331,1
4332,1
4333,1
4334,1
4335,0
4336,0
4337,1
4338,1
4339,1
4340,1
4341,1
4342,1
4343,1
4344,1
4345,1
4346,1
4347,1
4348,1
4349,0
4350,1
4351,1
4352,1
4353,0
4354,0
4355,1
4356,0
4357,1
4358,1
4359,1
4360,0
4361,0
4362,1
4363,0
4364,1
4365,1
4366,0
4367,1
4368,1
4369,1
4370,1
4371,0
4372,1
4373,1
4374,0
4375,1
4376,0
4377,1
4378,1
4379,0
4380,1
4381,1
4382,0
4383,0
4384,1
4385,0
4386,1
4387,0
4388,1
4389,1
4390,1
4391,1
4392,1
4393,1
4394,0
4395,0
4396,0
4397,0
4398,1
4399,1
4400,1
4401,1
4402,1
4403,1
4404,1
4405,1
4406,1
4407,1
4408,0
4409,0
4410,1
4411,1
4412,1
4413,1
4414,1
4415,1
4416,1
4417,1
4418,1
4419,0
4420,1
4421,1
4422,0
4423,1
4424,0
4425,0
4426,1
4427,0
4428,0
4429,1
4430,1
4431,1
4432,0
4433,1
4434,0
4435,0
4436,0
4437,1
4438,0
4439,0
4440,1
4441,0
4442,0
4443,1
4444,0
4445,1
4446,1
4447,1
4448,0
4449,0
4450,0
4451,0
4452,1
4453,0
4454,0
4455,1
4456,1
4457,1
4458,1
4459,1
4460,0
4461,1
4462,1
4463,1
4464,0
4465,1
4466,1
4467,0
4468,0
4469,0
4470,0
4471,1
4472,0
4473,1
4474,1
4475,1
4476,1
4477,0
4478,1
4479,0
4480,0
4481,1
4482,1
4483,0
4484,1
4485,0
4486,0
4487,1
4488,0
4489,1
4490,1
4491,1
4492,0
4493,1
4494,0
4495,1
4496,1
4497,1
4498,1
4499,1
4500,1
4501,0
4502,1
4503,1
4504,0
4505,1
4506,1
4507,1
4508,1
4509,1
4510,1
4511,0
4512,0
4513,1
4514,0
4515,0
4516,1
4517,0
4518,1
4519,1
4520,0
4521,0
4522,1
4523,1
4524,1
4525,0
4526,0
4527,0
4528,1
4529,0
4530,0
4531,0
4532,1
4533,0
4534,0
4535,1
4536,0
4537,1
4538,0
4539,1
4540,0
4541,0
4542,0
4543,1
4544,0
4545,1
4546,1
4547,0
4548,1
4549,1
4550,0
4551,0
4552,0
4553,1
4554,1
4555,1
4556,1
4557,0
4558,0
4559,1
4560,0
4561,0
4562,1
4563,0
4564,0
4565,0
4566,0
4567,1
4568,1
4569,1
4570,0
4571,1
4572,0
4573,0
4574,1
4575,1
4576,0
4577,1
4578,1
4579,1
4580,1
4581,0
4582,0
4583,0
4584,1
4585,0
4586,1
4587,0
4588,1
4589,1
4590,0
4591,1
4592,1
4593,1
4594,0
4595,0
4596,1
4597,0
4598,1
4599,1
4600,0
4601,0
4602,0
4603,1
4604,0
4605,1
4606,0
4607,1
4608,1
4609,0
4610,0
4611,0
4612,0
4613,1
4614,1
4615,1
4616,1
4617,1
4618,0
4619,0
4620,1
4621,0
4622,0
4623,0
4624,0
4625,1
4626,0
4627,1
4628,1
4629,0
4630,1
4631,0
4632,1
4633,1
4634,1
4635,0
4636,0
4637,1
4638,0
4639,1
4640,1
4641,1
4642,1
4643,0
4644,0
4645,0
4646,0
4647,0
4648,1
4649,0
4650,0
4651,1
4652,1
4653,1
4654,1
4655,1
4656,0
4657,0
4658,0
4659,1
4660,0
4661,0
4662,0
4663,0
4664,0
4665,0
4666,1
4667,1
4668,1
4669,0
4670,0
4671,0
4672,1
4673,1
4674,1
4675,1
4676,1
4677,0
4678,0
4679,1
4680,1
4681,0
4682,1
4683,0
4684,0
4685,0
4686,1
4687,1
4688,1
4689,1
4690,0
4691,0
4692,1
4693,1
4694,0
4695,1
4696,1
4697,1
4698,1
4699,1
4700,1
4701,0
4702,1
4703,1
4704,1
4705,0
4706,0
4707,1
4708,1
4709,1
4710,0
4711,1
4712,0
4713,0
4714,1
4715,1
4716,1
4717,0
4718,0
4719,1
4720,0
4721,1
4722,1
4723,1
4724,1
4725,0
4726,0
4727,1
4728,0
4729,0
4730,0
4731,1
4732,1
4733,0
4734,0
4735,0
4736,0
4737,1
4738,1
4739,1
4740,0
4741,1
4742,0
4743,0
4744,1
4745,1
4746,0
4747,1
4748,0
4749,1
4750,0
4751,0
4752,1
4753,0
4754,1
4755,0
4756,1
4757,1
4758,0
4759,0
4760,1
4761,0
4762,1
4763,0
4764,1
4765,0
4766,1
4767,1
4768,1
4769,1
4770,0
4771,1
4772,1
4773,1
4774,0
4775,0
4776,1
4777,1
4778,1
4779,1
4780,1
4781,0
4782,1
4783,0
4784,1
4785,0
4786,1
4787,1
4788,0
4789,0
4790,1
4791,1
4792,0
4793,1
4794,0
4795,1
4796,1
4797,1
4798,1
4799,0
4800,1
4801,0
4802,1
4803,0
4804,1
4805,1
4806,0
4807,0
4808,1
4809,0
4810,1
4811,0
4812,0
4813,0
4814,0
4815,1
4816,1
4817,0
4818,0
4819,1
4820,0
4821,1
4822,0
4823,1
4824,1
4825,1
4826,1
4827,1
4828,1
4829,0
4830,1
4831,1
4832,1
4833,1
4834,0
4835,0
4836,0
4837,0
4838,1
4839,1
4840,1
4841,0
4842,1
4843,0
4844,1
4845,1
4846,1
4847,0
4848,1
4849,1
4850,1
4851,0
4852,1
4853,1
4854,1
4855,0
4856,1
4857,1
4858,1
4859,0
4860,0
4861,1
4862,1
4863,1
4864,1
4865,1
4866,0
4867,1
4868,0
4869,0
4870,1
4871,1
4872,0
4873,1
4874,1
4875,1
4876,0
4877,1
4878,0
4879,1
4880,1
4881,0
4882,0
4883,0
4884,0
4885,0
4886,1
4887,0
4888,0
4889,1
4890,1
4891,1
4892,0
4893,0
4894,0
4895,0
4896,1
4897,1
4898,1
4899,0
4900,0
4901,1
4902,1
4903,1
4904,0
4905,1
4906,0
4907,0
4908,0
4909,0
4910,0
4911,1
4912,0
4913,0
4914,1
4915,1
4916,0
4917,0
4918,0
4919,0
4920,1
4921,0
4922,1
4923,1
4924,1
4925,0
4926,1
4927,0
4928,1
4929,0
4930,1
4931,0
4932,1
4933,1
4934,0
4935,0
4936,0
4937,1
4938,0
4939,0
4940,1
4941,1
4942,0
4943,1
4944,1
4945,1
4946,0
4947,0
4948,1
4949,1
4950,0
4951,0
4952,0
4953,1
4954,0
4955,0
4956,0
4957,1
4958,1
4959,0
4960,1
4961,1
4962,0
4963,1
4964,1
4965,1
4966,0
4967,1
4968,0
4969,1
4970,0
4971,1
4972,0
4973,1
4974,1
4975,1
4976,0
4977,1
4978,1
4979,1
4980,1
4981,0
4982,1
4983,1
4984,0
4985,1
4986,0
4987,0
4988,0
4989,0
4990,0
4991,1
4992,0
4993,0
4994,1
4995,1
4996,0
4997,0
4998,0
4999,0
5000,1
5001,1
5002,0
5003,0
5004,0
5005,1
5006,0
5007,0
5008,0
5009,0
5010,1
5011,1
5012,1
5013,0
5014,1
5015,0
5016,0
5017,0
5018,0
5019,0
5020,0
5021,1
5022,0
5023,0
5024,0
5025,0
5026,1
5027,1
5028,0
5029,1
5030,0
5031,0
5032,1
5033,1
5034,0
5035,0
5036,1
5037,0
5038,0
5039,1
5040,0
5041,0
5042,1
5043,0
5044,1
5045,1
5046,1
5047,0
5048,1
5049,0
5050,1
5051,1
5052,0
5053,0
5054,1
5055,1
5056,1
5057,0
5058,1
5059,0
5060,0
5061,0
5062,1
5063,0
5064,1
5065,0
5066,1
5067,1
5068,0
5069,0
5070,1
5071,0
5072,0
5073,1
5074,0
5075,1
5076,1
5077,1
5078,0
5079,1
5080,0
5081,1
5082,1
5083,0
5084,1
5085,0
5086,0
5087,0
5088,1
5089,1
5090,0
5091,0
5092,0
5093,1
5094,0
5095,1
5096,1
5097,1
5098,0
5099,1
5100,0
5101,0
5102,0
5103,1
5104,1
5105,0
5106,0
5107,1
5108,0
5109,1
5110,0
5111,0
5112,1
5113,1
5114,1
5115,1
5116,1
5117,1
5118,0
5119,0
5120,1
5121,1
5122,1
5123,0
5124,1
5125,1
5126,1
5127,0
5128,1
5129,0
5130,1
5131,0
5132,1
5133,1
5134,1
5135,1
5136,1
5137,1
5138,0
5139,0
5140,0
5141,1
5142,1
5143,1
5144,0
5145,1
5146,0
5147,1
5148,0
5149,0
5150,1
5151,0
5152,1
5153,1
5154,1
5155,0
5156,0
5157,1
5158,1
5159,1
5160,0
5161,1
5162,1
5163,1
5164,1
5165,0
5166,0
5167,0
5168,1
5169,1
5170,1
5171,1
5172,1
5173,1
5174,1
5175,0
5176,1
5177,1
5178,0
5179,0
5180,0
5181,1
5182,1
5183,1
5184,0
5185,1
5186,1
5187,1
5188,0
5189,1
5190,1
5191,0
5192,0
5193,1
5194,1
5195,0
5196,1
5197,1
5198,1
5199,0
5200,1
5201,0
5202,1
5203,0
5204,1
5205,0
5206,0
5207,1
5208,1
5209,0
5210,1
5211,0
5212,0
5213,0
5214,1
5215,1
5216,1
5217,0
5218,0
5219,0
5220,1
5221,1
5222,0
5223,1
5224,1
5225,1
5226,1
5227,1
5228,0
5229,1
5230,1
5231,0
5232,1
5233,0
5234,1
5235,0
5236,1
5237,1
5238,0
5239,0
5240,1
5241,1
5242,0
5243,1
5244,1
5245,0
5246,1
5247,0
5248,1
5249,1
5250,1
5251,0
5252,0
5253,0
5254,0
5255,1
5256,1
5257,1
5258,1
5259,0
5260,1
5261,1
5262,0
5263,1
5264,1
5265,0
5266,1
5267,1
5268,0
5269,0
5270,1
5271,0
5272,1
5273,0
5274,0
5275,1
5276,1
5277,0
5278,1
5279,0
5280,1
5281,0
5282,0
5283,0
5284,1
5285,1
5286,0
5287,1
5288,1
5289,0
5290,0
5291,0
5292,1
5293,0
5294,1
5295,1
5296,1
5297,1
5298,0
5299,0
5300,0
5301,1
5302,0
5303,1
5304,1
5305,0
5306,1
5307,1
5308,0
5309,1
5310,1
5311,0
5312,0
5313,0
5314,1
5315,0
5316,1
5317,1
5318,0
5319,0
5320,0
5321,0
5322,1
5323,1
5324,1
5325,0
5326,1
5327,0
5328,1
5329,0
5330,0
5331,1
5332,0
5333,1
5334,1
5335,1
5336,1
5337,1
5338,1
5339,0
5340,0
5341,1
5342,1
5343,1
5344,1
5345,1
5346,1
5347,1
5348,0
5349,0
5350,0
5351,0
5352,1
5353,1
5354,1
5355,0
5356,0
5357,1
5358,1
5359,0
5360,1
5361,1
5362,1
5363,0
5364,1
5365,1
5366,1
5367,0
5368,0
5369,0
5370,0
5371,0
5372,1
5373,1
5374,0
5375,0
5376,1
5377,1
5378,1
5379,1
5380,1
5381,1
5382,0
5383,0
5384,0
5385,0
5386,1
5387,1
5388,1
5389,1
5390,1
5391,1
5392,0
5393,1
5394,1
5395,0
5396,1
5397,1
5398,1
5399,0
5400,0
5401,1
5402,0
5403,0
5404,1
5405,1
5406,0
5407,0
5408,1
5409,0
5410,1
5411,0
5412,1
5413,0
5414,1
5415,0
5416,1
5417,1
5418,0
5419,0
5420,0
5421,1
5422,1
5423,0
5424,0
5425,1
5426,1
5427,1
5428,0
5429,1
5430,0
5431,1
5432,0
5433,0
5434,1
5435,0
5436,0
5437,0
5438,0
5439,0
5440,1
5441,1
5442,1
5443,1
5444,0
5445,1
5446,1
5447,0
5448,1
5449,1
5450,0
5451,0
5452,1
5453,1
5454,1
5455,0
5456,1
5457,0
5458,1
5459,1
5460,1
5461,1
5462,1
5463,1
5464,1
5465,1
5466,0
5467,0
5468,0
5469,1
5470,1
5471,0
5472,1
5473,1
5474,1
5475,0
5476,1
5477,1
5478,0
5479,0
5480,0
5481,0
5482,0
5483,0
5484,1
5485,1
5486,1
5487,1
5488,1
5489,0
5490,1
5491,0
5492,1
5493,1
5494,1
5495,0
5496,0
5497,0
5498,1
5499,0
5500,0
5501,0
5502,0
5503,0
5504,0
5505,1
5506,1
5507,1
5508,0
5509,0
5510,0
5511,1
5512,0
5513,0
5514,0
5515,0
5516,1
5517,1
5518,0
5519,0
5520,0
5521,0
5522,0
5523,1
5524,0
5525,0
5526,1
5527,1
5528,1
5529,0
5530,0
5531,0
5532,0
5533,1
5534,0
5535,0
5536,1
5537,1
5538,0
5539,0
5540,0
5541,1
5542,1
5543,0
5544,0
5545,0
5546,0
5547,0
5548,1
5549,1
5550,0
5551,0
5552,1
5553,1
5554,1
5555,1
5556,1
5557,1
5558,1
5559,1
5560,0
5561,1
5562,0
5563,1
5564,1
5565,1
5566,1
5567,0
5568,1
5569,1
5570,0
5571,0
5572,0
5573,1
5574,0
5575,1
5576,0
5577,1
5578,1
5579,1
5580,0
5581,0
5582,0
5583,0
5584,1
5585,0
5586,0
5587,1
5588,1
5589,0
5590,1
5591,1
5592,0
5593,0
5594,1
5595,1
5596,1
5597,0
5598,0
5599,1
5600,0
5601,0
5602,0
5603,0
5604,0
5605,0
5606,1
5607,0
5608,0
5609,1
5610,0
5611,1
5612,1
5613,0
5614,1
5615,0
5616,1
5617,1
5618,1
5619,1
5620,0
5621,0
5622,1
5623,1
5624,0
5625,0
5626,1
5627,1
5628,1
5629,0
5630,0
5631,1
5632,0
5633,1
5634,0
5635,0
5636,1
5637,1
5638,0
5639,1
5640,1
5641,0
5642,1
5643,1
5644,1
5645,1
5646,0
5647,0
5648,0
5649,0
5650,0
5651,0
5652,1
5653,0
5654,1
5655,0
5656,1
5657,1
5658,1
5659,1
5660,1
5661,1
5662,1
5663,0
5664,1
5665,1
5666,1
5667,1
5668,1
5669,1
5670,0
5671,0
5672,1
5673,0
5674,0
5675,0
5676,1
5677,0
5678,1
5679,0
5680,0
5681,1
5682,0
5683,0
5684,0
5685,0
5686,1
5687,1
5688,0
5689,0
5690,0
5691,1
5692,0
5693,1
5694,1
5695,0
5696,1
5697,1
5698,1
5699,0
5700,1
5701,0
5702,0
5703,1
5704,0
5705,1
5706,1
5707,0
5708,1
5709,1
5710,1
5711,1
5712,1
5713,0
5714,0
5715,1
5716,0
5717,1
5718,0
5719,1
5720,1
5721,0
5722,0
5723,1
5724,0
5725,1
5726,0
5727,1
5728,0
5729,0
5730,0
5731,1
5732,0
5733,0
5734,0
5735,1
5736,0
5737,0
5738,1
5739,0
5740,1
5741,0
5742,1
5743,1
5744,1
5745,1
5746,0
5747,0
5748,1
5749,1
5750,1
5751,1
5752,0
5753,1
5754,1
5755,1
5756,0
5757,0
5758,0
5759,0
5760,1
5761,0
5762,1
5763,1
5764,1
5765,1
5766,1
5767,1
5768,0
5769,0
5770,0
5771,1
5772,0
5773,0
5774,1
5775,1
5776,1
5777,0
5778,1
5779,0
5780,1
5781,1
5782,0
5783,0
5784,0
5785,1
5786,1
5787,1
5788,1
5789,1
5790,1
5791,1
5792,1
5793,1
5794,1
5795,1
5796,0
5797,1
5798,1
5799,1
5800,1
5801,1
5802,0
5803,1
5804,0
5805,1
5806,1
5807,1
5808,0
5809,1
5810,1
5811,0
5812,0
5813,0
5814,1
5815,1
5816,0
5817,1
5818,0
5819,0
5820,1
5821,0
5822,0
5823,1
5824,0
5825,1
5826,1
5827,0
5828,1
5829,0
5830,1
5831,0
5832,1
5833,0
5834,1
5835,1
5836,1
5837,0
5838,1
5839,1
5840,0
5841,0
5842,1
5843,0
5844,1
5845,0
5846,0
5847,1
5848,1
5849,1
5850,1
5851,0
5852,1
5853,1
5854,0
5855,0
5856,1
5857,1
5858,1
5859,0
5860,1
5861,1
5862,1
5863,0
5864,0
5865,0
5866,1
5867,0
5868,1
5869,1
5870,1
5871,1
5872,1
5873,1
5874,0
5875,0
5876,1
5877,0
5878,0
5879,1
5880,0
5881,1
5882,0
5883,0
5884,1
5885,1
5886,0
5887,1
5888,1
5889,1
5890,0
5891,0
5892,0
5893,0
5894,1
5895,1
5896,0
5897,1
5898,0
5899,1
5900,0
5901,1
5902,0
5903,1
5904,0
5905,1
5906,0
5907,0
5908,1
5909,0
5910,1
5911,0
5912,1
5913,0
5914,0
5915,1
5916,0
5917,0
5918,0
5919,0
5920,1
5921,0
5922,1
5923,1
5924,0
5925,0
5926,0
5927,1
5928,0
5929,1
5930,1
5931,1
5932,0
5933,0
5934,1
5935,0
5936,0
5937,1
5938,0
5939,0
5940,1
5941,0
5942,0
5943,0
5944,1
5945,1
5946,1
5947,1
5948,1
5949,1
5950,1
5951,1
5952,1
5953,0
5954,1
5955,1
5956,1
5957,0
5958,0
5959,1
5960,0
5961,0
5962,0
5963,0
5964,1
5965,1
5966,1
5967,0
5968,0
5969,1
5970,1
5971,0
5972,0
5973,1
5974,0
5975,1
5976,0
5977,1
5978,0
5979,1
5980,1
5981,0
5982,1
5983,0
5984,0
5985,1
5986,1
5987,0
5988,0
5989,0
5990,1
5991,0
5992,1
5993,1
5994,1
5995,1
5996,1
5997,0
5998,0
5999,0
6000,0
6001,1
6002,1
6003,1
6004,1
6005,1
6006,1
6007,1
6008,1
6009,1
6010,0
6011,1
6012,1
6013,0
6014,1
6015,1
6016,0
6017,1
6018,1
6019,1
6020,0
6021,0
6022,1
6023,1
6024,1
6025,1
6026,1
6027,1
6028,0
6029,0
6030,0
6031,1
6032,1
6033,1
6034,1
6035,0
6036,1
6037,1
6038,0
6039,1
6040,1
6041,0
6042,1
6043,0
6044,1
6045,1
6046,1
6047,1
6048,0
6049,0
6050,0
6051,1
6052,1
6053,0
6054,1
6055,1
6056,0
6057,0
6058,1
6059,1
6060,1
6061,1
6062,1
6063,0
6064,0
6065,1
6066,0
6067,0
6068,1
6069,0
6070,0
6071,0
6072,1
6073,1
6074,1
6075,1
6076,1
6077,1
6078,0
6079,0
6080,0
6081,0
6082,1
6083,1
6084,0
6085,0
6086,1
6087,0
6088,1
6089,0
6090,0
6091,0
6092,1
6093,1
6094,0
6095,0
6096,1
6097,0
6098,0
6099,0
6100,1
6101,1
6102,1
6103,1
6104,0
6105,1
6106,0
6107,0
6108,0
6109,1
6110,0
6111,0
6112,0
6113,0
6114,0
6115,1
6116,0
6117,1
6118,1
6119,1
6120,1
6121,1
6122,1
6123,1
6124,1
6125,1
6126,1
6127,1
6128,0
6129,1
6130,1
6131,1
6132,1
6133,0
6134,1
6135,1
6136,1
6137,1
6138,0
6139,1
6140,0
6141,0
6142,1
6143,1
6144,1
6145,1
6146,0
6147,1
6148,1
6149,0
6150,0
6151,0
6152,0
6153,1
6154,1
6155,1
6156,1
6157,0
6158,0
6159,1
6160,0
6161,1
6162,1
6163,1
6164,1
6165,0
6166,1
6167,0
6168,1
6169,1
6170,1
6171,1
6172,1
6173,0
6174,0
6175,1
6176,1
6177,1
6178,1
6179,0
6180,1
6181,0
6182,0
6183,0
6184,0
6185,0
6186,0
6187,0
6188,0
6189,1
6190,0
6191,1
6192,1
6193,1
6194,1
6195,1
6196,1
6197,0
6198,1
6199,1
6200,0
6201,1
6202,0
6203,1
6204,1
6205,1
6206,0
6207,1
6208,0
6209,1
6210,1
6211,1
6212,1
6213,1
6214,0
6215,1
6216,1
6217,1
6218,1
6219,1
6220,0
6221,0
6222,1
6223,1
6224,0
6225,0
6226,0
6227,0
6228,1
6229,1
6230,1
6231,0
6232,1
6233,0
6234,0
6235,1
6236,1
6237,0
6238,1
6239,1
6240,1
6241,1
6242,0
6243,0
6244,1
6245,0
6246,0
6247,0
6248,1
6249,0
6250,0
6251,1
6252,1
6253,1
6254,1
6255,1
6256,1
6257,0
6258,0
6259,0
6260,1
6261,0
6262,1
6263,1
6264,1
6265,0
6266,1
6267,0
6268,0
6269,1
6270,1
6271,1
6272,0
6273,1
6274,1
6275,0
6276,1
6277,0
6278,1
6279,1
6280,1
6281,1
6282,1
6283,1
6284,1
6285,0
6286,0
6287,0
6288,0
6289,0
6290,0
6291,0
6292,1
6293,1
6294,1
6295,1
6296,1
6297,0
6298,1
6299,1
6300,1
6301,1
6302,0
6303,1
6304,1
6305,1
6306,1
6307,1
6308,0
6309,1
6310,0
6311,0
6312,1
6313,1
6314,0
6315,1
6316,0
6317,1
6318,0
6319,1
6320,1
6321,1
6322,1
6323,0
6324,1
6325,1
6326,0
6327,1
6328,1
6329,1
6330,0
6331,1
6332,1
6333,0
6334,0
6335,1
6336,1
6337,0
6338,1
6339,0
6340,1
6341,0
6342,0
6343,1
6344,0
6345,1
6346,0
6347,0
6348,1
6349,0
6350,1
6351,1
6352,0
6353,1
6354,0
6355,0
6356,1
6357,1
6358,0
6359,0
6360,0
6361,1
6362,1
6363,1
6364,1
6365,0
6366,0
6367,1
6368,1
6369,0
6370,1
6371,1
6372,0
6373,1
6374,1
6375,0
6376,1
6377,0
6378,0
6379,0
6380,1
6381,0
6382,0
6383,1
6384,1
6385,1
6386,1
6387,1
6388,0
6389,1
6390,0
6391,1
6392,1
6393,1
6394,1
6395,1
6396,1
6397,1
6398,1
6399,0
6400,0
6401,1
6402,0
6403,0
6404,1
6405,0
6406,1
6407,0
6408,0
6409,0
6410,0
6411,1
6412,1
6413,0
6414,0
6415,0
6416,0
6417,0
6418,1
6419,1
6420,1
6421,0
6422,1
6423,0
6424,0
6425,0
6426,0
6427,0
6428,1
6429,1
6430,0
6431,1
6432,0
6433,0
6434,1
6435,1
6436,0
6437,0
6438,0
6439,1
6440,1
6441,1
6442,1
6443,1
6444,0
6445,0
6446,0
6447,0
6448,1
6449,0
6450,0
6451,1
6452,1
6453,0
6454,1
6455,1
6456,0
6457,1
6458,0
6459,1
6460,0
6461,1
6462,1
6463,0
6464,1
6465,1
6466,1
6467,0
6468,0
6469,1
6470,1
6471,1
6472,0
6473,1
6474,0
6475,1
6476,1
6477,1
6478,0
6479,0
6480,1
6481,1
6482,1
6483,1
6484,1
6485,1
6486,1
6487,0
6488,0
6489,1
6490,1
6491,0
6492,1
6493,1
6494,1
6495,1
6496,0
6497,0
6498,0
6499,1
6500,0
6501,1
6502,0
6503,0
6504,1
6505,0
6506,0
6507,1
6508,0
6509,1
6510,1
6511,1
6512,1
6513,0
6514,1
6515,0
6516,0
6517,0
6518,1
6519,1
6520,1
6521,0
6522,0
6523,0
6524,1
6525,1
6526,0
6527,0
6528,0
6529,1
6530,1
6531,1
6532,0
6533,1
6534,1
6535,1
6536,1
6537,1
6538,0
6539,1
6540,0
6541,1
6542,1
6543,1
6544,1
6545,0
6546,0
6547,1
6548,0
6549,0
6550,1
6551,1
6552,0
6553,1
6554,1
6555,1
6556,0
6557,0
6558,1
6559,1
6560,1
6561,1
6562,1
6563,1
6564,1
6565,1
6566,1
6567,1
6568,0
6569,1
6570,1
6571,0
6572,1
6573,1
6574,0
6575,1
6576,1
6577,0
6578,0
6579,0
6580,0
6581,1
6582,1
6583,0
6584,1
6585,1
6586,0
6587,0
6588,1
6589,0
6590,0
6591,0
6592,0
6593,0
6594,1
6595,0
6596,1
6597,1
6598,0
6599,1
6600,1
6601,0
6602,1
6603,0
6604,0
6605,1
6606,1
6607,0
6608,1
6609,0
6610,0
6611,1
6612,1
6613,1
6614,0
6615,0
6616,1
6617,0
6618,0
6619,0
6620,0
6621,0
6622,1
6623,1
6624,1
6625,0
6626,0
6627,1
6628,0
6629,1
6630,0
6631,0
6632,0
6633,0
6634,0
6635,0
6636,0
6637,0
6638,1
6639,1
6640,1
6641,1
6642,0
6643,1
6644,0
6645,0
6646,0
6647,0
6648,0
6649,1
6650,0
6651,0
6652,0
6653,1
6654,1
6655,0
6656,1
6657,1
6658,1
6659,1
6660,1
6661,0
6662,0
6663,0
6664,0
6665,0
6666,1
6667,1
6668,0
6669,0
6670,0
6671,1
6672,1
6673,1
6674,1
6675,1
6676,1
6677,0
6678,1
6679,0
6680,0
6681,1
6682,0
6683,0
6684,1
6685,0
6686,1
6687,0
6688,1
6689,0
6690,0
6691,1
6692,0
6693,1
6694,1
6695,1
6696,1
6697,1
6698,1
6699,1
6700,0
6701,1
6702,0
6703,0
6704,1
6705,1
6706,0
6707,1
6708,1
6709,1
6710,0
6711,0
6712,1
6713,1
6714,0
6715,1
6716,1
6717,1
6718,1
6719,1
6720,1
6721,1
6722,1
6723,1
6724,1
6725,0
6726,1
6727,1
6728,0
6729,0
6730,1
6731,0
6732,0
6733,0
6734,0
6735,1
6736,1
6737,1
6738,0
6739,0
6740,1
6741,1
6742,1
6743,0
6744,0
6745,0
6746,1
6747,0
6748,0
6749,0
6750,1
6751,1
6752,1
6753,1
6754,1
6755,0
6756,0
6757,1
6758,0
6759,1
6760,1
6761,0
6762,1
6763,0
6764,0
6765,1
6766,1
6767,0
6768,0
6769,1
6770,1
6771,0
6772,1
6773,1
6774,1
6775,0
6776,0
6777,1
6778,0
6779,1
6780,0
6781,0
6782,1
6783,1
6784,1
6785,1
6786,1
6787,1
6788,1
6789,1
6790,1
6791,0
6792,0
6793,1
6794,1
6795,0
6796,0
6797,1
6798,1
6799,1
6800,1
6801,1
6802,1
6803,1
6804,0
6805,0
6806,1
6807,1
6808,1
6809,0
6810,0
6811,1
6812,0
6813,1
6814,1
6815,0
6816,0
6817,0
6818,1
6819,1
6820,0
6821,0
6822,0
6823,0
6824,0
6825,1
6826,1
6827,0
6828,0
6829,1
6830,1
6831,1
6832,1
6833,1
6834,1
6835,1
6836,0
6837,0
6838,0
6839,1
6840,0
6841,0
6842,1
6843,0
6844,1
6845,1
6846,0
6847,0
6848,1
6849,0
6850,0
6851,1
6852,0
6853,0
6854,0
6855,0
6856,0
6857,0
6858,1
6859,0
6860,1
6861,0
6862,1
6863,0
6864,0
6865,1
6866,1
6867,1
6868,1
6869,1
6870,0
6871,1
6872,0
6873,1
6874,0
6875,0
6876,1
6877,0
6878,0
6879,0
6880,1
6881,0
6882,1
6883,1
6884,1
6885,0
6886,1
6887,0
6888,0
6889,1
6890,1
6891,0
6892,1
6893,1
6894,1
6895,0
6896,0
6897,1
6898,1
6899,1
6900,0
6901,1
6902,1
6903,0
6904,0
6905,0
6906,1
6907,0
6908,0
6909,0
6910,0
6911,0
6912,1
6913,0
6914,1
6915,1
6916,1
6917,0
6918,1
6919,1
6920,1
6921,1
6922,1
6923,0
6924,1
6925,1
6926,0
6927,0
6928,0
6929,0
6930,1
6931,0
6932,1
6933,1
6934,0
6935,1
6936,1
6937,1
6938,0
6939,0
6940,0
6941,1
6942,1
6943,0
6944,0
6945,0
6946,1
6947,0
6948,1
6949,1
6950,1
6951,0
6952,1
6953,0
6954,1
6955,0
6956,1
6957,0
6958,1
6959,0
6960,1
6961,1
6962,0
6963,0
6964,1
6965,0
6966,1
6967,0
6968,0
6969,1
6970,0
6971,0
6972,0
6973,0
6974,1
6975,0
6976,0
6977,1
6978,1
6979,1
6980,1
6981,0
6982,1
6983,1
6984,0
6985,1
6986,1
6987,0
6988,1
6989,0
6990,1
6991,0
6992,0
6993,0
6994,1
6995,1
6996,1
6997,1
6998,1
6999,0
7000,1
7001,0
7002,0
7003,1
7004,1
7005,0
7006,1
7007,0
7008,0
7009,1
7010,0
7011,1
7012,0
7013,0
7014,1
7015,1
7016,1
7017,1
7018,1
7019,1
7020,0
7021,1
7022,0
7023,0
7024,1
7025,0
7026,0
7027,0
7028,1
7029,1
7030,1
7031,0
7032,0
7033,0
7034,0
7035,0
7036,0
7037,1
7038,1
7039,0
7040,1
7041,1
7042,1
7043,1
7044,0
7045,0
7046,0
7047,1
7048,1
7049,1
7050,0
7051,0
7052,1
7053,1
7054,0
7055,1
7056,0
7057,1
7058,1
7059,0
7060,1
7061,1
7062,1
7063,1
7064,0
7065,0
7066,1
7067,1
7068,1
7069,1
7070,1
7071,1
7072,1
7073,0
7074,0
7075,0
7076,0
7077,0
7078,1
7079,0
7080,0
7081,0
7082,1
7083,0
7084,0
7085,0
7086,1
7087,1
7088,1
7089,1
7090,1
7091,0
7092,1
7093,0
7094,0
7095,1
7096,1
7097,1
7098,0
7099,1
7100,0
7101,1
7102,1
7103,1
7104,0
7105,1
7106,0
7107,0
7108,0
7109,1
7110,0
7111,1
7112,0
7113,0
7114,1
7115,1
7116,0
7117,1
7118,1
7119,1
7120,1
7121,1
7122,1
7123,1
7124,1
7125,0
7126,0
7127,1
7128,1
7129,1
7130,1
7131,1
7132,1
7133,1
7134,0
7135,0
7136,1
7137,1
7138,0
7139,1
7140,0
7141,0
7142,1
7143,0
7144,0
7145,0
7146,0
7147,0
7148,0
7149,0
7150,1
7151,1
7152,1
7153,1
7154,0
7155,1
7156,1
7157,1
7158,0
7159,1
7160,1
7161,0
7162,1
7163,0
7164,1
7165,0
7166,0
7167,0
7168,0
7169,0
7170,0
7171,0
7172,0
7173,1
7174,0
7175,0
7176,0
7177,0
7178,0
7179,0
7180,1
7181,1
7182,0
7183,0
7184,0
7185,1
7186,1
7187,1
7188,1
7189,1
7190,1
7191,0
7192,0
7193,0
7194,1
7195,1
7196,1
7197,0
7198,0
7199,0
7200,1
7201,0
7202,1
7203,0
7204,1
7205,0
7206,0
7207,0
7208,1
7209,0
7210,0
7211,0
7212,1
7213,1
7214,1
7215,0
7216,0
7217,1
7218,1
7219,1
7220,1
7221,0
7222,0
7223,0
7224,1
7225,1
7226,0
7227,0
7228,0
7229,1
7230,0
7231,0
7232,0
7233,1
7234,1
7235,0
7236,0
7237,1
7238,0
7239,1
7240,1
7241,0
7242,1
7243,1
7244,0
7245,0
7246,1
7247,1
7248,1
7249,0
7250,0
7251,1
7252,0
7253,1
7254,1
7255,1
7256,1
7257,1
7258,1
7259,0
7260,1
7261,0
7262,0
7263,0
7264,0
7265,0
7266,1
7267,0
7268,0
7269,0
7270,1
7271,1
7272,1
7273,1
7274,0
7275,0
7276,0
7277,1
7278,1
7279,0
7280,0
7281,1
7282,1
7283,1
7284,1
7285,0
7286,0
7287,1
7288,0
7289,1
7290,1
7291,0
7292,1
7293,1
7294,0
7295,1
7296,0
7297,0
7298,0
7299,0
7300,0
7301,1
7302,1
7303,0
7304,0
7305,0
7306,1
7307,0
7308,0
7309,1
7310,1
7311,1
7312,0
7313,1
7314,0
7315,0
7316,1
7317,1
7318,1
7319,0
7320,0
7321,0
7322,1
7323,0
7324,0
7325,0
7326,1
7327,0
7328,1
7329,1
7330,1
7331,1
7332,0
7333,1
7334,1
7335,0
7336,1
7337,1
7338,1
7339,1
7340,0
7341,0
7342,0
7343,0
7344,1
7345,1
7346,1
7347,1
7348,1
7349,1
7350,0
7351,1
7352,0
7353,1
7354,1
7355,1
7356,1
7357,1
7358,0
7359,1
7360,0
7361,0
7362,0
7363,1
7364,0
7365,0
7366,1
7367,1
7368,0
7369,0
7370,1
7371,1
7372,1
7373,0
7374,0
7375,1
7376,0
7377,0
7378,1
7379,1
7380,0
7381,0
7382,0
7383,0
7384,0
7385,0
7386,0
7387,0
7388,0
7389,1
7390,0
7391,1
7392,1
7393,1
7394,1
7395,1
7396,1
7397,1
7398,1
7399,0
7400,0
7401,1
7402,1
7403,1
7404,1
7405,1
7406,1
7407,1
7408,1
7409,0
7410,0
7411,0
7412,1
7413,0
7414,1
7415,1
7416,1
7417,0
7418,0
7419,0
7420,0
7421,1
7422,0
7423,1
7424,1
7425,1
7426,1
7427,0
7428,0
7429,0
7430,1
7431,1
7432,0
7433,0
7434,1
7435,1
7436,0
7437,0
7438,1
7439,1
7440,1
7441,0
7442,1
7443,0
7444,1
7445,1
7446,1
7447,0
7448,1
7449,0
7450,0
7451,1
7452,1
7453,1
7454,1
7455,1
7456,0
7457,0
7458,0
7459,0
7460,0
7461,1
7462,1
7463,0
7464,1
7465,0
7466,1
7467,1
7468,0
7469,0
7470,0
7471,0
7472,1
7473,0
7474,1
7475,1
7476,0
7477,1
7478,0
7479,1
7480,1
7481,1
7482,1
7483,0
7484,0
7485,0
7486,1
7487,1
7488,0
7489,0
7490,1
7491,1
7492,1
7493,1
7494,1
7495,0
7496,1
7497,1
7498,0
7499,1
7500,1
7501,0
7502,0
7503,1
7504,0
7505,1
7506,0
7507,1
7508,0
7509,0
7510,1
7511,0
7512,0
7513,0
7514,0
7515,1
7516,1
7517,1
7518,1
7519,0
7520,1
7521,1
7522,0
7523,0
7524,0
7525,1
7526,0
7527,1
7528,1
7529,1
7530,1
7531,1
7532,1
7533,1
7534,0
7535,1
7536,1
7537,1
7538,1
7539,0
7540,1
7541,0
7542,0
7543,1
7544,0
7545,1
7546,1
7547,1
7548,0
7549,1
7550,1
7551,1
7552,0
7553,0
7554,0
7555,1
7556,0
7557,1
7558,0
7559,0
7560,0
7561,0
7562,0
7563,1
7564,1
7565,0
7566,0
7567,0
7568,1
7569,1
7570,1
7571,1
7572,0
7573,1
7574,0
7575,0
7576,0
7577,1
7578,0
7579,0
7580,1
7581,1
7582,0
7583,0
7584,1
7585,0
7586,0
7587,1
7588,1
7589,0
7590,0
7591,0
7592,0
7593,0
7594,0
7595,1
7596,0
7597,1
7598,1
7599,0
7600,1
7601,0
7602,0
7603,0
7604,1
7605,1
7606,1
7607,1
7608,1
7609,0
7610,0
7611,0
7612,1
7613,0
7614,1
7615,0
7616,0
7617,0
7618,0
7619,1
7620,1
7621,0
7622,1
7623,1
7624,1
7625,1
7626,1
7627,0
7628,0
7629,0
7630,1
7631,0
7632,1
7633,0
7634,0
7635,1
7636,1
7637,0
7638,1
7639,1
7640,0
7641,0
7642,1
7643,0
7644,1
7645,1
7646,0
7647,0
7648,0
7649,0
7650,1
7651,0
7652,1
7653,1
7654,0
7655,0
7656,0
7657,0
7658,1
7659,1
7660,0
7661,1
7662,0
7663,1
7664,1
7665,1
7666,1
7667,1
7668,0
7669,1
7670,1
7671,0
7672,0
7673,1
7674,1
7675,0
7676,1
7677,0
7678,0
7679,1
7680,1
7681,1
7682,1
7683,1
7684,1
7685,0
7686,0
7687,0
7688,1
7689,0
7690,0
7691,1
7692,1
7693,0
7694,0
7695,0
7696,0
7697,1
7698,0
7699,0
7700,1
7701,1
7702,0
7703,1
7704,1
7705,1
7706,0
7707,1
7708,0
7709,0
7710,0
7711,1
7712,1
7713,0
7714,1
7715,0
7716,1
7717,0
7718,0
7719,1
7720,0
7721,1
7722,0
7723,0
7724,1
7725,0
7726,0
7727,1
7728,0
7729,1
7730,1
7731,1
7732,0
7733,0
7734,0
7735,1
7736,1
7737,1
7738,0
7739,1
7740,1
7741,1
7742,1
7743,0
7744,1
7745,0
7746,1
7747,1
7748,1
7749,0
7750,1
7751,1
7752,1
7753,1
7754,1
7755,1
7756,1
7757,1
7758,1
7759,0
7760,1
7761,1
7762,1
7763,1
7764,0
7765,0
7766,1
7767,1
7768,0
7769,0
7770,0
7771,0
7772,1
7773,1
7774,0
7775,1
7776,1
7777,0
7778,1
7779,1
7780,0
7781,0
7782,1
7783,1
7784,1
7785,1
7786,1
7787,1
7788,0
7789,1
7790,0
7791,0
7792,0
7793,0
7794,0
7795,0
7796,0
7797,0
7798,0
7799,1
7800,1
7801,1
7802,1
7803,1
7804,1
7805,1
7806,0
7807,0
7808,1
7809,1
7810,1
7811,0
7812,1
7813,1
7814,0
7815,1
7816,1
7817,1
7818,1
7819,0
7820,0
7821,1
7822,0
7823,0
7824,1
7825,0
7826,0
7827,1
7828,1
7829,0
7830,0
7831,1
7832,0
7833,0
7834,1
7835,1
7836,0
7837,1
7838,0
7839,0
7840,1
7841,0
7842,0
7843,0
7844,0
7845,1
7846,1
7847,0
7848,1
7849,0
7850,1
7851,0
7852,1
7853,1
7854,0
7855,0
7856,0
7857,0
7858,1
7859,1
7860,1
7861,1
7862,0
7863,1
7864,0
7865,0
7866,0
7867,1
7868,1
7869,1
7870,0
7871,1
7872,0
7873,0
7874,1
7875,0
7876,0
7877,1
7878,0
7879,0
7880,1
7881,1
7882,0
7883,0
7884,1
7885,1
7886,0
7887,0
7888,1
7889,1
7890,1
7891,1
7892,0
7893,1
7894,1
7895,1
7896,0
7897,0
7898,1
7899,1
7900,1
7901,1
7902,1
7903,1
7904,1
7905,0
7906,0
7907,1
7908,1
7909,1
7910,1
7911,1
7912,1
7913,0
7914,0
7915,1
7916,1
7917,1
7918,0
7919,1
7920,0
7921,1
7922,1
7923,1
7924,0
7925,0
7926,0
7927,1
7928,1
7929,0
7930,0
7931,0
7932,0
7933,0
7934,1
7935,1
7936,1
7937,0
7938,1
7939,0
7940,0
7941,0
7942,0
7943,1
7944,0
7945,0
7946,1
7947,0
7948,0
7949,1
7950,1
7951,0
7952,0
7953,1
7954,0
7955,1
7956,1
7957,0
7958,1
7959,0
7960,1
7961,1
7962,0
7963,0
7964,1
7965,1
7966,0
7967,1
7968,0
7969,0
7970,0
7971,0
7972,1
7973,0
7974,1
7975,0
7976,1
7977,0
7978,0
7979,1
7980,0
7981,0
7982,0
7983,0
7984,1
7985,1
7986,1
7987,1
7988,1
7989,1
7990,0
7991,1
7992,0
7993,0
7994,1
7995,0
7996,0
7997,1
7998,0
7999,1
8000,0
8001,0
8002,0
8003,1
8004,1
8005,0
8006,0
8007,0
8008,0
8009,1
8010,0
8011,1
8012,1
8013,1
8014,0
8015,0
8016,1
8017,1
8018,1
8019,0
8020,1
8021,0
8022,0
8023,0
8024,1
8025,1
8026,1
8027,1
8028,1
8029,1
8030,1
8031,1
8032,1
8033,1
8034,1
8035,1
8036,1
8037,1
8038,1
8039,1
8040,1
8041,1
8042,0
8043,1
8044,0
8045,1
8046,0
8047,0
8048,1
8049,1
8050,0
8051,0
8052,1
8053,0
8054,0
8055,1
8056,0
8057,1
8058,0
8059,0
8060,1
8061,0
8062,0
8063,1
8064,0
8065,0
8066,1
8067,1
8068,0
8069,1
8070,1
8071,1
8072,1
8073,1
8074,0
8075,0
8076,1
8077,1
8078,0
8079,0
8080,0
8081,1
8082,1
8083,0
8084,1
8085,0
8086,1
8087,0
8088,0
8089,1
8090,1
8091,0
8092,0
8093,0
8094,0
8095,1
8096,0
8097,0
8098,0
8099,1
8100,0
8101,1
8102,0
8103,1
8104,1
8105,1
8106,0
8107,0
8108,0
8109,1
8110,1
8111,1
8112,0
8113,1
8114,1
8115,1
8116,1
8117,0
8118,0
8119,1
8120,0
8121,0
8122,0
8123,0
8124,0
8125,1
8126,0
8127,0
8128,0
8129,1
8130,0
8131,0
8132,1
8133,1
8134,1
8135,1
8136,1
8137,1
8138,1
8139,0
8140,0
8141,1
8142,0
8143,0
8144,1
8145,0
8146,1
8147,1
8148,1
8149,1
8150,1
8151,0
8152,1
8153,0
8154,0
8155,0
8156,1
8157,0
8158,1
8159,1
8160,1
8161,1
8162,1
8163,0
8164,1
8165,0
8166,0
8167,1
8168,0
8169,0
8170,1
8171,1
8172,0
8173,1
8174,0
8175,1
8176,1
8177,0
8178,1
8179,0
8180,0
8181,1
8182,0
8183,1
8184,1
8185,0
8186,0
8187,1
8188,0
8189,0
8190,1
8191,0
8192,0
8193,0
8194,0
8195,1
8196,0
8197,1
8198,1
8199,1
8200,1
8201,1
8202,1
8203,1
8204,0
8205,0
8206,1
8207,0
8208,1
8209,0
8210,0
8211,1
8212,0
8213,1
8214,1
8215,0
8216,0
8217,1
8218,1
8219,1
8220,1
8221,1
8222,0
8223,0
8224,0
8225,0
8226,1
8227,1
8228,0
8229,0
8230,0
8231,0
8232,0
8233,0
8234,0
8235,1
8236,0
8237,0
8238,1
8239,1
8240,0
8241,1
8242,0
8243,0
8244,0
8245,1
8246,0
8247,0
8248,0
8249,0
8250,1
8251,0
8252,1
8253,1
8254,0
8255,0
8256,0
8257,1
8258,1
8259,0
8260,1
8261,0
8262,1
8263,1
8264,0
8265,0
8266,0
8267,0
8268,0
8269,1
8270,1
8271,1
8272,1
8273,0
8274,0
8275,1
8276,0
8277,0
8278,1
8279,1
8280,1
8281,1
8282,0
8283,0
8284,0
8285,0
8286,1
8287,1
8288,1
8289,0
8290,0
8291,1
8292,0
8293,1
8294,1
8295,1
8296,0
8297,1
8298,0
8299,0
8300,1
8301,0
8302,1
8303,1
8304,0
8305,1
8306,1
8307,0
8308,0
8309,1
8310,0
8311,0
8312,1
8313,1
8314,1
8315,1
8316,1
8317,0
8318,1
8319,0
8320,0
8321,1
8322,0
8323,1
8324,0
8325,0
8326,0
8327,0
8328,0
8329,0
8330,0
8331,1
8332,1
8333,0
8334,0
8335,0
8336,0
8337,0
8338,0
8339,1
8340,0
8341,1
8342,0
8343,1
8344,0
8345,0
8346,0
8347,0
8348,1
8349,0
8350,1
8351,0
8352,0
8353,0
8354,1
8355,0
8356,1
8357,0
8358,1
8359,0
8360,1
8361,0
8362,1
8363,0
8364,1
8365,1
8366,0
8367,0
8368,0
8369,1
8370,0
8371,0
8372,1
8373,1
8374,0
8375,1
8376,1
8377,1
8378,0
8379,1
8380,1
8381,0
8382,1
8383,0
8384,0
8385,1
8386,0
8387,1
8388,0
8389,1
8390,1
8391,0
8392,1
8393,1
8394,0
8395,0
8396,0
8397,1
8398,1
8399,0
8400,1
8401,1
8402,1
8403,0
8404,0
8405,1
8406,1
8407,1
8408,0
8409,1
8410,1
8411,1
8412,1
8413,0
8414,0
8415,0
8416,1
8417,1
8418,0
8419,1
8420,0
8421,1
8422,0
8423,1
8424,1
8425,1
8426,0
8427,1
8428,1
8429,1
8430,1
8431,1
8432,1
8433,1
8434,1
8435,0
8436,1
8437,0
8438,0
8439,1
8440,1
8441,1
8442,0
8443,1
8444,1
8445,1
8446,1
8447,1
8448,0
8449,1
8450,1
8451,0
8452,0
8453,1
8454,1
8455,0
8456,1
8457,0
8458,0
8459,0
8460,1
8461,0
8462,1
8463,0
8464,1
8465,1
8466,0
8467,1
8468,1
8469,1
8470,1
8471,1
8472,0
8473,1
8474,0
8475,1
8476,1
8477,1
8478,1
8479,0
8480,0
8481,0
8482,1
8483,0
8484,1
8485,1
8486,1
8487,1
8488,0
8489,0
8490,1
8491,1
8492,0
8493,0
8494,0
8495,0
8496,0
8497,1
8498,1
8499,0
8500,0
8501,0
8502,1
8503,0
8504,1
8505,1
8506,1
8507,1
8508,0
8509,1
8510,0
8511,1
8512,0
8513,0
8514,0
8515,0
8516,0
8517,0
8518,1
8519,0
8520,1
8521,0
8522,0
8523,1
8524,1
8525,1
8526,0
8527,0
8528,1
8529,0
8530,0
8531,0
8532,0
8533,1
8534,0
8535,0
8536,1
8537,1
8538,1
8539,0
8540,1
8541,0
8542,1
8543,1
8544,1
8545,1
8546,1
8547,1
8548,1
8549,0
8550,0
8551,0
8552,1
8553,0
8554,0
8555,1
8556,1
8557,1
8558,1
8559,1
8560,1
8561,1
8562,0
8563,0
8564,1
8565,1
8566,0
8567,0
8568,1
8569,1
8570,1
8571,1
8572,0
8573,0
8574,1
8575,1
8576,0
8577,0
8578,0
8579,0
8580,1
8581,1
8582,1
8583,1
8584,1
8585,0
8586,0
8587,1
8588,0
8589,0
8590,1
8591,0
8592,1
8593,1
8594,1
8595,1
8596,0
8597,0
8598,1
8599,1
8600,0
8601,0
8602,1
8603,0
8604,1
8605,0
8606,1
8607,1
8608,1
8609,1
8610,1
8611,1
8612,0
8613,1
8614,1
8615,1
8616,1
8617,1
8618,1
8619,1
8620,1
8621,1
8622,1
8623,1
8624,0
8625,0
8626,0
8627,1
8628,0
8629,0
8630,1
8631,1
8632,0
8633,1
8634,1
8635,1
8636,1
8637,0
8638,1
8639,1
8640,0
8641,1
8642,1
8643,0
8644,1
8645,0
8646,1
8647,1
8648,0
8649,1
8650,0
8651,1
8652,0
8653,0
8654,0
8655,1
8656,1
8657,1
8658,1
8659,1
8660,1
8661,0
8662,0
8663,1
8664,0
8665,0
8666,1
8667,0
8668,0
8669,0
8670,1
8671,0
8672,1
8673,0
8674,0
8675,1
8676,1
8677,0
8678,0
8679,1
8680,0
8681,1
8682,0
8683,0
8684,1
8685,0
8686,1
8687,0
8688,1
8689,0
8690,0
8691,1
8692,0
8693,0
8694,0
8695,0
8696,0
8697,0
8698,0
8699,0
8700,0
8701,0
8702,0
8703,1
8704,1
8705,0
8706,1
8707,1
8708,0
8709,1
8710,0
8711,0
8712,1
8713,0
8714,1
8715,1
8716,1
8717,1
8718,0
8719,0
8720,0
8721,1
8722,0
8723,1
8724,1
8725,0
8726,0
8727,0
8728,0
8729,0
8730,0
8731,1
8732,1
8733,0
8734,1
8735,0
8736,0
8737,0
8738,1
8739,1
8740,0
8741,0
8742,0
8743,0
8744,0
8745,0
8746,1
8747,0
8748,1
8749,1
8750,1
8751,1
8752,1
8753,0
8754,1
8755,1
8756,0
8757,0
8758,1
8759,1
8760,1
8761,0
8762,0
8763,1
8764,0
8765,0
8766,1
8767,1
8768,1
8769,1
8770,1
8771,1
8772,1
8773,0
8774,0
8775,1
8776,0
8777,0
8778,0
8779,0
8780,0
8781,1
8782,1
8783,0
8784,0
8785,1
8786,1
8787,0
8788,1
8789,0
8790,1
8791,0
8792,0
8793,1
8794,1
8795,1
8796,1
8797,0
8798,0
8799,1
8800,1
8801,1
8802,1
8803,0
8804,0
8805,0
8806,1
8807,0
8808,0
8809,1
8810,1
8811,0
8812,1
8813,1
8814,0
8815,1
8816,0
8817,0
8818,1
8819,1
8820,0
8821,1
8822,1
8823,1
8824,0
8825,0
8826,0
8827,0
8828,0
8829,0
8830,1
8831,1
8832,1
8833,1
8834,0
8835,1
8836,0
8837,0
8838,0
8839,0
8840,0
8841,0
8842,1
8843,1
8844,1
8845,1
8846,0
8847,1
8848,0
8849,1
8850,1
8851,0
8852,0
8853,0
8854,1
8855,1
8856,1
8857,1
8858,0
8859,1
8860,1
8861,0
8862,1
8863,1
8864,0
8865,1
8866,1
8867,1
8868,1
8869,1
8870,1
8871,1
8872,1
8873,0
8874,1
8875,1
8876,0
8877,0
8878,1
8879,0
8880,1
8881,0
8882,0
8883,0
8884,1
8885,0
8886,0
8887,0
8888,1
8889,1
8890,0
8891,0
8892,1
8893,1
8894,0
8895,1
8896,0
8897,1
8898,1
8899,0
8900,0
8901,0
8902,1
8903,0
8904,1
8905,1
8906,0
8907,0
8908,0
8909,1
8910,1
8911,1
8912,0
8913,1
8914,1
8915,1
8916,1
8917,0
8918,0
8919,1
8920,0
8921,0
8922,0
8923,1
8924,0
8925,0
8926,1
8927,1
8928,0
8929,1
8930,0
8931,1
8932,0
8933,0
8934,0
8935,0
8936,1
8937,0
8938,0
8939,1
8940,0
8941,1
8942,0
8943,0
8944,0
8945,0
8946,1
8947,0
8948,1
8949,0
8950,1
8951,1
8952,1
8953,0
8954,0
8955,0
8956,0
8957,1
8958,0
8959,1
8960,1
8961,0
8962,1
8963,0
8964,1
8965,1
8966,1
8967,1
8968,1
8969,1
8970,1
8971,0
8972,1
8973,1
8974,0
8975,1
8976,0
8977,1
8978,1
8979,0
8980,0
8981,0
8982,1
8983,1
8984,0
8985,1
8986,1
8987,0
8988,0
8989,0
8990,0
8991,0
8992,0
8993,0
8994,1
8995,0
8996,1
8997,1
8998,1
8999,1
9000,1
9001,0
9002,0
9003,1
9004,0
9005,1
9006,1
9007,1
9008,1
9009,0
9010,1
9011,1
9012,1
9013,0
9014,0
9015,0
9016,1
9017,1
9018,1
9019,1
9020,0
9021,1
9022,1
9023,1
9024,1
9025,0
9026,0
9027,1
9028,1
9029,0
9030,1
9031,0
9032,0
9033,1
9034,0
9035,0
9036,0
9037,0
9038,0
9039,1
9040,1
9041,0
9042,1
9043,1
9044,1
9045,0
9046,1
9047,1
9048,1
9049,1
9050,0
9051,1
9052,0
9053,0
9054,0
9055,0
9056,1
9057,0
9058,1
9059,0
9060,1
9061,1
9062,0
9063,1
9064,1
9065,0
9066,1
9067,0
9068,0
9069,0
9070,0
9071,0
9072,0
9073,0
9074,0
9075,1
9076,0
9077,1
9078,0
9079,0
9080,0
9081,0
9082,1
9083,1
9084,0
9085,1
9086,1
9087,1
9088,1
9089,1
9090,1
9091,1
9092,1
9093,1
9094,0
9095,0
9096,0
9097,0
9098,1
9099,1
9100,0
9101,1
9102,0
9103,0
9104,0
9105,1
9106,1
9107,1
9108,0
9109,0
9110,0
9111,0
9112,0
9113,0
9114,0
9115,0
9116,0
9117,1
9118,1
9119,0
9120,0
9121,1
9122,1
9123,0
9124,0
9125,0
9126,0
9127,0
9128,1
9129,0
9130,1
9131,1
9132,0
9133,1
9134,1
9135,0
9136,1
9137,0
9138,0
9139,0
9140,1
9141,1
9142,1
9143,0
9144,0
9145,1
9146,0
9147,1
9148,1
9149,0
9150,0
9151,1
9152,0
9153,0
9154,1
9155,0
9156,0
9157,0
9158,1
9159,1
9160,1
9161,1
9162,0
9163,0
9164,0
9165,0
9166,0
9167,0
9168,1
9169,0
9170,0
9171,1
9172,0
9173,0
9174,0
9175,0
9176,0
9177,0
9178,0
9179,0
9180,0
9181,0
9182,0
9183,0
9184,0
9185,0
9186,1
9187,0
9188,0
9189,0
9190,1
9191,0
9192,1
9193,1
9194,0
9195,1
9196,1
9197,0
9198,0
9199,0
9200,1
9201,1
9202,1
9203,0
9204,1
9205,1
9206,1
9207,0
9208,0
9209,0
9210,1
9211,1
9212,0
9213,1
9214,0
9215,1
9216,0
9217,1
9218,1
9219,1
9220,0
9221,1
9222,0
9223,0
9224,0
9225,0
9226,1
9227,0
9228,1
9229,1
9230,1
9231,0
9232,1
9233,0
9234,1
9235,1
9236,1
9237,1
9238,0
9239,0
9240,1
9241,0
9242,1
9243,0
9244,0
9245,1
9246,1
9247,1
9248,0
9249,0
9250,1
9251,1
9252,1
9253,1
9254,0
9255,1
9256,1
9257,1
9258,0
9259,0
9260,0
9261,1
9262,0
9263,0
9264,0
9265,0
9266,0
9267,1
9268,1
9269,0
9270,1
9271,1
9272,1
9273,0
9274,1
9275,0
9276,0
9277,1
9278,1
9279,1
9280,0
9281,0
9282,1
9283,0
9284,1
9285,1
9286,1
9287,1
9288,0
9289,0
9290,1
9291,0
9292,1
9293,1
9294,0
9295,0
9296,1
9297,0
9298,1
9299,0
9300,1
9301,1
9302,0
9303,0
9304,0
9305,1
9306,1
9307,1
9308,0
9309,1
9310,1
9311,1
9312,0
9313,1
9314,0
9315,1
9316,0
9317,1
9318,1
9319,0
9320,1
9321,0
9322,1
9323,0
9324,0
9325,1
9326,0
9327,0
9328,0
9329,1
9330,1
9331,0
9332,1
9333,0
9334,0
9335,0
9336,1
9337,1
9338,0
9339,0
9340,0
9341,1
9342,1
9343,1
9344,1
9345,0
9346,0
9347,0
9348,0
9349,0
9350,1
9351,1
9352,0
9353,1
9354,0
9355,0
9356,1
9357,1
9358,1
9359,0
9360,0
9361,1
9362,0
9363,1
9364,0
9365,0
9366,1
9367,1
9368,0
9369,1
9370,1
9371,1
9372,1
9373,0
9374,1
9375,1
9376,1
9377,0
9378,0
9379,0
9380,1
9381,1
9382,0
9383,0
9384,1
9385,1
9386,1
9387,0
9388,0
9389,0
9390,1
9391,1
9392,1
9393,0
9394,1
9395,0
9396,0
9397,0
9398,1
9399,1
9400,1
9401,1
9402,0
9403,0
9404,0
9405,1
9406,0
9407,0
9408,0
9409,0
9410,1
9411,0
9412,1
9413,1
9414,1
9415,1
9416,1
9417,1
9418,0
9419,0
9420,1
9421,0
9422,0
9423,0
9424,1
9425,0
9426,0
9427,0
9428,0
9429,0
9430,0
9431,1
9432,1
9433,0
9434,0
9435,0
9436,1
9437,1
9438,0
9439,1
9440,1
9441,1
9442,1
9443,1
9444,0
9445,1
9446,1
9447,1
9448,0
9449,1
9450,1
9451,0
9452,0
9453,1
9454,1
9455,1
9456,0
9457,0
9458,1
9459,0
9460,1
9461,1
9462,1
9463,1
9464,1
9465,1
9466,1
9467,0
9468,1
9469,1
9470,1
9471,0
9472,1
9473,1
9474,1
9475,0
9476,0
9477,0
9478,1
9479,1
9480,0
9481,0
9482,0
9483,0
9484,1
9485,1
9486,1
9487,1
9488,1
9489,0
9490,1
9491,0
9492,0
9493,0
9494,0
9495,1
9496,0
9497,0
9498,1
9499,0
9500,1
9501,0
9502,0
9503,0
9504,1
9505,0
9506,0
9507,1
9508,1
9509,1
9510,1
9511,0
9512,1
9513,1
9514,1
9515,0
9516,1
9517,0
9518,0
9519,0
9520,1
9521,0
9522,1
9523,1
9524,1
9525,1
9526,0
9527,1
9528,0
9529,1
9530,0
9531,1
9532,1
9533,1
9534,0
9535,0
9536,1
9537,1
9538,1
9539,1
9540,0
9541,0
9542,1
9543,1
9544,1
9545,0
9546,0
9547,0
9548,1
9549,1
9550,1
9551,1
9552,0
9553,0
9554,1
9555,0
9556,1
9557,0
9558,1
9559,1
9560,1
9561,0
9562,0
9563,0
9564,1
9565,0
9566,0
9567,0
9568,0
9569,0
9570,1
9571,1
9572,0
9573,1
9574,0
9575,1
9576,0
9577,0
9578,1
9579,1
9580,1
9581,1
9582,0
9583,1
9584,0
9585,0
9586,1
9587,0
9588,1
9589,1
9590,0
9591,0
9592,0
9593,0
9594,1
9595,1
9596,1
9597,0
9598,1
9599,1
9600,0
9601,1
9602,0
9603,1
9604,0
9605,1
9606,0
9607,0
9608,1
9609,1
9610,1
9611,0
9612,0
9613,1
9614,0
9615,1
9616,0
9617,0
9618,1
9619,0
9620,0
9621,1
9622,1
9623,1
9624,0
9625,1
9626,0
9627,1
9628,0
9629,1
9630,1
9631,1
9632,0
9633,0
9634,1
9635,0
9636,0
9637,0
9638,0
9639,1
9640,1
9641,1
9642,0
9643,1
9644,0
9645,1
9646,0
9647,1
9648,1
9649,0
9650,0
9651,1
9652,1
9653,1
9654,1
9655,0
9656,0
9657,1
9658,1
9659,0
9660,0
9661,0
9662,0
9663,0
9664,0
9665,0
9666,1
9667,0
9668,1
9669,1
9670,1
9671,1
9672,1
9673,0
9674,1
9675,1
9676,1
9677,0
9678,0
9679,1
9680,1
9681,1
9682,1
9683,0
9684,0
9685,1
9686,1
9687,0
9688,0
9689,0
9690,1
9691,1
9692,1
9693,1
9694,1
9695,1
9696,1
9697,0
9698,0
9699,0
9700,1
9701,0
9702,1
9703,1
9704,0
9705,0
9706,1
9707,1
9708,1
9709,1
9710,1
9711,0
9712,0
9713,1
9714,1
9715,0
9716,1
9717,0
9718,0
9719,1
9720,1
9721,0
9722,0
9723,0
9724,0
9725,0
9726,0
9727,0
9728,1
9729,1
9730,0
9731,1
9732,1
9733,0
9734,0
9735,0
9736,1
9737,1
9738,0
9739,0
9740,1
9741,1
9742,1
9743,0
9744,1
9745,0
9746,1
9747,1
9748,0
9749,0
9750,0
9751,1
9752,0
9753,1
9754,0
9755,0
9756,1
9757,0
9758,1
9759,0
9760,1
9761,1
9762,1
9763,1
9764,0
9765,0
9766,1
9767,0
9768,1
9769,1
9770,1
9771,1
9772,1
9773,1
9774,0
9775,0
9776,1
9777,0
9778,1
9779,0
9780,1
9781,1
9782,0
9783,1
9784,0
9785,0
9786,1
9787,1
9788,1
9789,1
9790,1
9791,0
9792,1
9793,0
9794,0
9795,1
9796,1
9797,0
9798,1
9799,1
9800,0
9801,0
9802,0
9803,1
9804,1
9805,0
9806,1
9807,1
9808,0
9809,1
9810,1
9811,0
9812,0
9813,0
9814,0
9815,1
9816,1
9817,0
9818,0
9819,0
9820,0
9821,1
9822,0
9823,1
9824,1
9825,1
9826,0
9827,0
9828,1
9829,1
9830,1
9831,0
9832,0
9833,1
9834,1
9835,0
9836,0
9837,1
9838,0
9839,0
9840,1
9841,0
9842,1
9843,1
9844,1
9845,1
9846,0
9847,0
9848,1
9849,0
9850,0
9851,0
9852,0
9853,0
9854,0
9855,0
9856,0
9857,0
9858,0
9859,0
9860,1
9861,0
9862,0
9863,1
9864,1
9865,0
9866,1
9867,1
9868,1
9869,0
9870,0
9871,1
9872,1
9873,1
9874,0
9875,1
9876,1
9877,0
9878,0
9879,0
9880,0
9881,1
9882,0
9883,0
9884,0
9885,1
9886,1
9887,1
9888,1
9889,1
9890,1
9891,0
9892,0
9893,0
9894,1
9895,1
9896,0
9897,0
9898,1
9899,1
9900,0
9901,0
9902,0
9903,0
9904,1
9905,0
9906,1
9907,1
9908,0
9909,1
9910,1
9911,1
9912,1
9913,1
9914,0
9915,0
9916,1
9917,1
9918,0
9919,1
9920,1
9921,1
9922,1
9923,1
9924,0
9925,1
9926,0
9927,1
9928,0
9929,0
9930,1
9931,0
9932,1
9933,1
9934,0
9935,1
9936,0
9937,1
9938,0
9939,1
9940,0
9941,1
9942,1
9943,0
9944,0
9945,0
9946,1
9947,0
9948,0
9949,1
9950,0
9951,1
9952,0
9953,0
9954,1
9955,0
9956,0
9957,1
9958,1
9959,1
9960,0
9961,0
9962,0
9963,0
9964,0
9965,1
9966,1
9967,0
9968,1
9969,1
9970,1
9971,1
9972,1
9973,1
9974,0
9975,0
9976,0
9977,0
9978,1
9979,1
9980,1
9981,0
9982,1
9983,1
9984,0
9985,1
9986,1
9987,0
9988,0
9989,1
9990,0
9991,1
9992,1
9993,1
9994,1
9995,1
9996,0
9997,1
9998,0
9999,0
10000,1
10001,0
10002,1
10003,0
10004,1
10005,1
10006,1
10007,0
10008,1
10009,0
10010,0
10011,1
10012,1
10013,1
10014,0
10015,0
10016,1
10017,1
10018,1
10019,1
10020,0
10021,0
10022,0
10023,1
10024,1
10025,1
10026,1
10027,0
10028,1
10029,1
10030,1
10031,0
10032,0
10033,1
10034,0
10035,0
10036,1
10037,1
10038,0
10039,1
10040,1
10041,1
10042,1
10043,0
10044,1
10045,0
10046,1
10047,1
10048,1
10049,0
10050,1
10051,0
10052,0
10053,1
10054,1
10055,1
10056,0
10057,0
10058,1
10059,0
10060,0
10061,1
10062,0
10063,0
10064,1
10065,1
10066,0
10067,1
10068,0
10069,0
10070,0
10071,0
10072,0
10073,0
10074,1
10075,1
10076,1
10077,0
10078,1
10079,0
10080,0
10081,1
10082,1
10083,1
10084,1
10085,1
10086,1
10087,1
10088,1
10089,0
10090,1
10091,0
10092,0
10093,1
10094,1
10095,1
10096,0
10097,0
10098,0
10099,1
10100,0
10101,1
10102,1
10103,0
10104,1
10105,0
10106,1
10107,1
10108,0
10109,1
10110,0
10111,0
10112,1
10113,0
10114,0
10115,1
10116,1
10117,1
10118,1
10119,1
10120,0
10121,1
10122,1
10123,1
10124,0
10125,0
10126,0
10127,1
10128,0
10129,1
10130,1
10131,1
10132,0
10133,0
10134,1
10135,0
10136,0
10137,1
10138,1
10139,1
10140,1
10141,0
10142,1
10143,0
10144,0
10145,0
10146,0
10147,0
10148,1
10149,1
10150,1
10151,1
10152,0
10153,0
10154,1
10155,1
10156,0
10157,0
10158,0
10159,0
10160,1
10161,0
10162,1
10163,0
10164,0
10165,1
10166,0
10167,0
10168,1
10169,0
10170,0
10171,1
10172,1
10173,1
10174,0
10175,1
10176,0
10177,1
10178,0
10179,0
10180,0
10181,1
10182,0
10183,1
10184,1
10185,0
10186,0
10187,1
10188,1
10189,1
10190,1
10191,1
10192,0
10193,0
10194,1
10195,1
10196,0
10197,0
10198,1
10199,1
10200,1
10201,0
10202,0
10203,0
10204,0
10205,1
10206,0
10207,1
10208,0
10209,1
10210,0
10211,1
10212,1
10213,1
10214,0
10215,1
10216,1
10217,0
10218,1
10219,1
10220,0
10221,1
10222,1
10223,1
10224,1
10225,1
10226,0
10227,0
10228,0
10229,1
10230,0
10231,1
10232,0
10233,1
10234,1
10235,0
10236,0
10237,0
10238,1
10239,0
10240,0
10241,1
10242,1
10243,0
10244,0
10245,1
10246,1
10247,1
10248,0
10249,1
10250,1
10251,1
10252,1
10253,0
10254,1
10255,0
10256,0
10257,1
10258,1
10259,1
10260,0
10261,0
10262,1
10263,1
10264,0
10265,1
10266,0
10267,1
10268,0
10269,1
10270,0
10271,0
10272,0
10273,0
10274,0
10275,1
10276,1
10277,1
10278,0
10279,0
10280,0
10281,1
10282,0
10283,0
10284,0
10285,0
10286,1
10287,1
10288,0
10289,0
10290,1
10291,0
10292,0
10293,1
10294,0
10295,1
10296,1
10297,0
10298,0
10299,1
10300,1
10301,0
10302,1
10303,0
10304,1
10305,1
10306,1
10307,1
10308,0
10309,1
10310,1
10311,1
10312,0
10313,1
10314,1
10315,1
10316,0
10317,0
10318,0
10319,0
10320,0
10321,0
10322,1
10323,1
10324,1
10325,1
10326,0
10327,0
10328,0
10329,1
10330,1
10331,1
10332,0
10333,1
10334,1
10335,1
10336,0
10337,0
10338,1
10339,1
10340,1
10341,1
10342,0
10343,0
10344,1
10345,0
10346,1
10347,0
10348,1
10349,0
10350,1
10351,1
10352,0
10353,1
10354,0
10355,1
10356,0
10357,1
10358,1
10359,0
10360,1
10361,0
10362,1
10363,0
10364,1
10365,0
10366,0
10367,0
10368,1
10369,1
10370,1
10371,0
10372,0
10373,0
10374,1
10375,0
10376,1
10377,1
10378,0
10379,1
10380,1
10381,1
10382,1
10383,0
10384,1
10385,1
10386,1
10387,1
10388,0
10389,0
10390,0
10391,0
10392,1
10393,0
10394,1
10395,0
10396,0
10397,1
10398,1
10399,0
10400,1
10401,1
10402,0
10403,1
10404,0
10405,1
10406,0
10407,1
10408,1
10409,1
10410,1
10411,0
10412,1
10413,0
10414,0
10415,0
10416,0
10417,1
10418,1
10419,0
10420,0
10421,0
10422,1
10423,0
10424,1
10425,0
10426,0
10427,1
10428,1
10429,0
10430,0
10431,1
10432,0
10433,0
10434,0
10435,0
10436,1
10437,0
10438,0
10439,1
10440,1
10441,0
10442,0
10443,0
10444,0
10445,0
10446,1
10447,1
10448,0
10449,1
10450,1
10451,1
10452,1
10453,1
10454,0
10455,1
10456,1
10457,0
10458,1
10459,1
10460,1
10461,1
10462,1
10463,0
10464,1
10465,0
10466,0
10467,1
10468,1
10469,1
10470,1
10471,0
10472,0
10473,1
10474,1
10475,0
10476,1
10477,0
10478,1
10479,1
10480,1
10481,1
10482,0
10483,1
10484,1
10485,0
10486,0
10487,1
10488,0
10489,1
10490,1
10491,1
10492,0
10493,1
10494,0
10495,1
10496,0
10497,1
10498,1
10499,1
10500,1
10501,0
10502,1
10503,0
10504,1
10505,1
10506,0
10507,0
10508,0
10509,1
10510,1
10511,1
10512,0
10513,1
10514,1
10515,1
10516,0
10517,1
10518,1
10519,1
10520,0
10521,0
10522,1
10523,0
10524,1
10525,1
10526,0
10527,0
10528,0
10529,0
10530,1
10531,0
10532,0
10533,1
10534,1
10535,0
10536,1
10537,1
10538,1
10539,1
10540,0
10541,1
10542,0
10543,1
10544,0
10545,1
10546,0
10547,0
10548,1
10549,0
10550,0
10551,0
10552,0
10553,1
10554,0
10555,1
10556,0
10557,0
10558,0
10559,1
10560,1
10561,0
10562,1
10563,1
10564,0
10565,0
10566,1
10567,0
10568,1
10569,0
10570,0
10571,1
10572,1
10573,1
10574,0
10575,0
10576,1
10577,1
10578,0
10579,1
10580,1
10581,1
10582,0
10583,0
10584,0
10585,0
10586,0
10587,1
10588,0
10589,1
10590,0
10591,0
10592,1
10593,1
10594,0
10595,1
10596,0
10597,1
10598,1
10599,0
10600,0
10601,0
10602,1
10603,1
10604,0
10605,0
10606,1
10607,0
10608,1
10609,1
10610,0
10611,0
10612,0
10613,0
10614,0
10615,1
10616,0
10617,1
10618,1
10619,1
10620,0
10621,1
10622,0
10623,0
10624,0
10625,1
10626,0
10627,0
10628,1
10629,1
10630,0
10631,1
10632,0
10633,0
10634,0
10635,0
10636,1
10637,0
10638,1
10639,0
10640,0
10641,1
10642,0
10643,1
10644,1
10645,0
10646,0
10647,1
10648,0
10649,1
10650,1
10651,0
10652,1
10653,1
10654,1
10655,1
10656,1
10657,1
10658,0
10659,0
10660,0
10661,1
10662,1
10663,0
10664,1
10665,1
10666,1
10667,1
10668,1
10669,0
10670,1
10671,1
10672,1
10673,0
10674,0
10675,1
10676,1
10677,1
10678,1
10679,1
10680,1
10681,1
10682,1
10683,1
10684,0
10685,0
10686,0
10687,1
10688,1
10689,1
10690,0
10691,0
10692,1
10693,0
10694,1
10695,1
10696,1
10697,0
10698,1
10699,0
10700,0
10701,1
10702,1
10703,0
10704,1
10705,0
10706,1
10707,0
10708,0
10709,0
10710,1
10711,1
10712,0
10713,1
10714,1
10715,0
10716,0
10717,1
10718,1
10719,1
10720,0
10721,1
10722,0
10723,1
10724,1
10725,1
10726,0
10727,1
10728,1
10729,1
10730,0
10731,1
10732,0
10733,1
10734,1
10735,0
10736,1
10737,1
10738,1
10739,0
10740,0
10741,1
10742,1
10743,1
10744,1
10745,1
10746,1
10747,0
10748,0
10749,1
10750,0
10751,1
10752,1
10753,0
10754,1
10755,0
10756,0
10757,0
10758,0
10759,1
10760,0
10761,1
10762,1
10763,0
10764,0
10765,1
10766,1
10767,0
10768,0
10769,1
10770,0
10771,1
10772,0
10773,1
10774,1
10775,1
10776,0
10777,1
10778,1
10779,1
10780,0
10781,1
10782,1
10783,1
10784,1
10785,1
10786,0
10787,1
10788,0
10789,1
10790,0
10791,0
10792,1
10793,1
10794,0
10795,0
10796,1
10797,0
10798,1
10799,1
10800,1
10801,1
10802,1
10803,1
10804,1
10805,1
10806,1
10807,1
10808,0
10809,1
10810,1
10811,0
10812,1
10813,1
10814,1
10815,1
10816,1
10817,1
10818,1
10819,1
10820,0
10821,0
10822,1
10823,0
10824,1
10825,0
10826,0
10827,1
10828,1
10829,1
10830,1
10831,1
10832,0
10833,0
10834,1
10835,1
10836,0
10837,1
10838,0
10839,1
10840,0
10841,0
10842,0
10843,1
10844,1
10845,0
10846,0
10847,0
10848,1
10849,0
10850,0
10851,1
10852,1
10853,1
10854,0
10855,1
10856,0
10857,1
10858,1
10859,1
10860,1
10861,0
10862,0
10863,1
10864,0
10865,1
10866,0
10867,0
10868,0
10869,1
10870,0
10871,0
10872,1
10873,0
10874,1
10875,1
10876,0
10877,1
10878,1
10879,1
10880,0
10881,1
10882,0
10883,1
10884,0
10885,0
10886,0
10887,0
10888,0
10889,1
10890,0
10891,1
10892,1
10893,1
10894,0
10895,0
10896,1
10897,1
10898,1
10899,1
10900,0
10901,0
10902,0
10903,0
10904,1
10905,0
10906,0
10907,0
10908,1
10909,1
10910,1
10911,1
10912,0
10913,0
10914,0
10915,1
10916,1
10917,1
10918,1
10919,1
10920,1
10921,1
10922,0
10923,1
10924,0
10925,1
10926,0
10927,1
10928,0
10929,0
10930,1
10931,0
10932,0
10933,1
10934,1
10935,1
10936,1
10937,0
10938,1
10939,0
10940,1
10941,1
10942,1
10943,1
10944,0
10945,0
10946,1
10947,1
10948,0
10949,1
10950,1
10951,1
10952,1
10953,0
10954,1
10955,1
10956,1
10957,1
10958,0
10959,1
10960,0
10961,1
10962,0
10963,1
10964,1
10965,0
10966,1
10967,1
10968,0
10969,1
10970,0
10971,1
10972,0
10973,0
10974,0
10975,0
10976,1
10977,1
10978,0
10979,0
10980,1
10981,1
10982,1
10983,1
10984,0
10985,1
10986,0
10987,1
10988,0
10989,1
10990,1
10991,0
10992,1
10993,0
10994,1
10995,0
10996,0
10997,0
10998,0
10999,1
11000,1
11001,1
11002,1
11003,0
11004,0
11005,0
11006,0
11007,0
11008,1
11009,0
11010,1
11011,0
11012,1
11013,0
11014,0
11015,1
11016,1
11017,1
11018,0
11019,1
11020,0
11021,0
11022,1
11023,1
11024,1
11025,0
11026,0
11027,0
11028,1
11029,0
11030,1
11031,0
11032,0
11033,1
11034,0
11035,0
11036,0
11037,0
11038,1
11039,1
11040,1
11041,1
11042,1
11043,1
11044,1
11045,0
11046,1
11047,1
11048,0
11049,1
11050,1
11051,1
11052,1
11053,0
11054,1
11055,1
11056,1
11057,1
11058,1
11059,0
11060,0
11061,0
11062,1
11063,1
11064,1
11065,1
11066,0
11067,1
11068,1
11069,0
11070,1
11071,0
11072,0
11073,1
11074,1
11075,1
11076,0
11077,0
11078,0
11079,1
11080,1
11081,1
11082,1
11083,0
11084,1
11085,1
11086,1
11087,1
11088,1
11089,1
11090,0
11091,1
11092,0
11093,1
11094,0
11095,1
11096,1
11097,0
11098,1
11099,1
11100,0
11101,1
11102,0
11103,1
11104,1
11105,1
11106,1
11107,0
11108,1
11109,0
11110,1
11111,0
11112,1
11113,0
11114,0
11115,0
11116,1
11117,1
11118,0
11119,0
11120,1
11121,0
11122,0
11123,0
11124,1
11125,0
11126,0
11127,0
11128,0
11129,1
11130,0
11131,1
11132,1
11133,1
11134,1
11135,1
11136,1
11137,0
11138,1
11139,1
11140,0
11141,0
11142,0
11143,1
11144,1
11145,1
11146,0
11147,0
11148,0
11149,1
11150,0
11151,1
11152,0
11153,0
11154,0
11155,0
11156,1
11157,1
11158,0
11159,0
11160,0
11161,1
11162,1
11163,1
11164,0
11165,0
11166,0
11167,1
11168,1
11169,0
11170,1
11171,0
11172,1
11173,0
11174,1
11175,0
11176,1
11177,1
11178,1
11179,0
11180,1
11181,0
11182,0
11183,0
11184,0
11185,0
11186,0
11187,1
11188,1
11189,0
11190,1
11191,1
11192,0
11193,1
11194,1
11195,0
11196,0
11197,0
11198,1
11199,1
11200,1
11201,1
11202,0
11203,0
11204,1
11205,1
11206,0
11207,1
11208,0
11209,0
11210,0
11211,0
11212,1
11213,0
11214,0
11215,0
11216,1
11217,1
11218,1
11219,1
11220,1
11221,1
11222,0
11223,1
11224,1
11225,1
11226,1
11227,0
11228,1
11229,0
11230,0
11231,0
11232,1
11233,1
11234,0
11235,1
11236,1
11237,1
11238,1
11239,1
11240,0
11241,1
11242,1
11243,0
11244,0
11245,0
11246,1
11247,1
11248,1
11249,1
11250,1
11251,1
11252,1
11253,1
11254,0
11255,1
11256,0
11257,1
11258,0
11259,1
11260,0
11261,0
11262,1
11263,0
11264,1
11265,0
11266,0
11267,1
11268,0
11269,1
11270,1
11271,1
11272,0
11273,0
11274,0
11275,1
11276,1
11277,0
11278,1
11279,0
11280,1
11281,1
11282,1
11283,1
11284,0
11285,1
11286,1
11287,0
11288,1
11289,0
11290,1
11291,1
11292,1
11293,0
11294,0
11295,1
11296,1
11297,0
11298,0
11299,0
11300,1
11301,1
11302,0
11303,0
11304,1
11305,1
11306,0
11307,0
11308,0
11309,1
11310,1
11311,1
11312,0
11313,1
11314,1
11315,1
11316,1
11317,1
11318,1
11319,0
11320,0
11321,1
11322,0
11323,1
11324,1
11325,1
11326,0
11327,1
11328,1
11329,1
11330,0
11331,1
11332,0
11333,1
11334,1
11335,1
11336,0
11337,1
11338,0
11339,1
11340,1
11341,1
11342,1
11343,0
11344,1
11345,0
11346,1
11347,0
11348,0
11349,0
11350,0
11351,1
11352,0
11353,1
11354,1
11355,1
11356,0
11357,1
11358,1
11359,0
11360,1
11361,1
11362,0
11363,0
11364,0
11365,0
11366,0
11367,0
11368,1
11369,1
11370,0
11371,1
11372,0
11373,1
11374,1
11375,1
11376,0
11377,1
11378,0
11379,0
11380,0
11381,0
11382,1
11383,1
11384,1
11385,1
11386,1
11387,0
11388,0
11389,1
11390,0
11391,1
11392,1
11393,1
11394,0
11395,1
11396,1
11397,1
11398,1
11399,1
11400,1
11401,0
11402,1
11403,1
11404,1
11405,0
11406,0
11407,0
11408,0
11409,0
11410,1
11411,1
11412,1
11413,1
11414,1
11415,1
11416,1
11417,0
11418,0
11419,1
11420,0
11421,0
11422,0
11423,1
11424,1
11425,1
11426,1
11427,1
11428,1
11429,1
11430,0
11431,0
11432,0
11433,0
11434,0
11435,0
11436,0
11437,1
11438,0
11439,1
11440,0
11441,0
11442,1
11443,0
11444,1
11445,1
11446,1
11447,1
11448,1
11449,0
11450,0
11451,1
11452,0
11453,1
11454,1
11455,1
11456,1
11457,1
11458,0
11459,1
11460,1
11461,1
11462,1
11463,0
11464,0
11465,1
11466,0
11467,0
11468,0
11469,1
11470,0
11471,1
11472,0
11473,1
11474,0
11475,1
11476,0
11477,1
11478,1
11479,1
11480,0
11481,0
11482,1
11483,1
11484,0
11485,0
11486,1
11487,1
11488,1
11489,1
11490,1
11491,0
11492,0
11493,0
11494,1
11495,1
11496,0
11497,0
11498,1
11499,0
11500,0
11501,1
11502,0
11503,1
11504,0
11505,1
11506,1
11507,1
11508,0
11509,1
11510,0
11511,1
11512,1
11513,0
11514,0
11515,1
11516,1
11517,1
11518,0
11519,1
11520,0
11521,1
11522,1
11523,0
11524,1
11525,1
11526,1
11527,1
11528,1
11529,1
11530,0
11531,1
11532,0
11533,0
11534,1
11535,0
11536,1
11537,0
11538,1
11539,1
11540,0
11541,0
11542,0
11543,0
11544,0
11545,1
11546,1
11547,0
11548,1
11549,1
11550,0
11551,0
11552,1
11553,1
11554,0
11555,1
11556,0
11557,0
11558,0
11559,1
11560,1
11561,0
11562,0
11563,1
11564,1
11565,0
11566,1
11567,1
11568,0
11569,1
11570,1
11571,0
11572,1
11573,0
11574,1
11575,1
11576,1
11577,1
11578,1
11579,0
11580,0
11581,1
11582,0
11583,0
11584,1
11585,1
11586,1
11587,0
11588,0
11589,0
11590,1
11591,1
11592,0
11593,1
11594,0
11595,1
11596,1
11597,1
11598,0
11599,1
11600,0
11601,1
11602,0
11603,0
11604,0
11605,1
11606,0
11607,0
11608,1
11609,1
11610,1
11611,1
11612,1
11613,0
11614,0
11615,0
11616,1
11617,1
11618,0
11619,1
11620,1
11621,0
11622,1
11623,0
11624,0
11625,1
11626,0
11627,1
11628,1
11629,0
11630,0
11631,1
11632,0
11633,0
11634,0
11635,1
11636,1
11637,0
11638,1
11639,0
11640,0
11641,1
11642,0
11643,0
11644,1
11645,1
11646,1
11647,1
11648,1
11649,0
11650,1
11651,0
11652,1
11653,1
11654,0
11655,1
11656,0
11657,0
11658,0
11659,1
11660,1
11661,0
11662,1
11663,0
11664,1
11665,0
11666,1
11667,0
11668,1
11669,1
11670,1
11671,0
11672,1
11673,0
11674,1
11675,1
11676,0
11677,0
11678,1
11679,0
11680,0
11681,1
11682,1
11683,0
11684,0
11685,0
11686,0
11687,1
11688,1
11689,0
11690,0
11691,0
11692,1
11693,0
11694,0
11695,1
11696,1
11697,1
11698,0
11699,1
11700,1
11701,1
11702,1
11703,1
11704,1
11705,0
11706,0
11707,1
11708,1
11709,0
11710,1
11711,0
11712,1
11713,0
11714,0
11715,1
11716,0
11717,0
11718,0
11719,1
11720,1
11721,1
11722,0
11723,1
11724,0
11725,1
11726,1
11727,1
11728,0
11729,1
11730,0
11731,1
11732,0
11733,0
11734,1
11735,0
11736,0
11737,0
11738,0
11739,1
11740,1
11741,0
11742,0
11743,1
11744,1
11745,0
11746,1
11747,1
11748,0
11749,1
11750,1
11751,0
11752,0
11753,0
11754,1
11755,1
11756,0
11757,1
11758,1
11759,0
11760,1
11761,1
11762,0
11763,0
11764,1
11765,1
11766,1
11767,1
11768,1
11769,1
11770,0
11771,1
11772,1
11773,0
11774,1
11775,0
11776,1
11777,0
11778,1
11779,1
11780,1
11781,1
11782,1
11783,0
11784,0
11785,0
11786,1
11787,1
11788,1
11789,0
11790,1
11791,1
11792,1
11793,0
11794,0
11795,1
11796,1
11797,1
11798,1
11799,0
11800,1
11801,0
11802,1
11803,0
11804,1
11805,1
11806,1
11807,1
11808,0
11809,1
11810,1
11811,1
11812,1
11813,1
11814,1
11815,1
11816,1
11817,1
11818,1
11819,1
11820,0
11821,0
11822,0
11823,1
11824,0
11825,0
11826,1
11827,0
11828,1
11829,1
11830,1
11831,0
11832,0
11833,0
11834,0
11835,0
11836,1
11837,1
11838,0
11839,1
11840,1
11841,1
11842,0
11843,0
11844,0
11845,1
11846,0
11847,1
11848,0
11849,1
11850,1
11851,1
11852,0
11853,0
11854,0
11855,1
11856,1
11857,0
11858,0
11859,1
11860,0
11861,0
11862,1
11863,1
11864,0
11865,0
11866,1
11867,1
11868,0
11869,1
11870,1
11871,0
11872,0
11873,0
11874,0
11875,0
11876,1
11877,0
11878,0
11879,0
11880,0
11881,1
11882,0
11883,0
11884,0
11885,0
11886,0
11887,0
11888,1
11889,0
11890,1
11891,0
11892,0
11893,1
11894,1
11895,1
11896,0
11897,1
11898,0
11899,1
11900,1
11901,1
11902,0
11903,0
11904,1
11905,0
11906,1
11907,0
11908,0
11909,1
11910,1
11911,1
11912,1
11913,1
11914,1
11915,0
11916,1
11917,1
11918,1
11919,1
11920,0
11921,0
11922,1
11923,1
11924,0
11925,0
11926,1
11927,1
11928,0
11929,1
11930,0
11931,1
11932,1
11933,1
11934,1
11935,1
11936,0
11937,0
11938,0
11939,0
11940,0
11941,0
11942,1
11943,0
11944,0
11945,1
11946,0
11947,1
11948,1
11949,1
11950,1
11951,1
11952,1
11953,1
11954,0
11955,0
11956,0
11957,0
11958,1
11959,1
11960,1
11961,0
11962,0
11963,0
11964,0
11965,1
11966,1
11967,1
11968,1
11969,1
11970,1
11971,1
11972,0
11973,0
11974,1
11975,1
11976,1
11977,1
11978,1
11979,1
11980,0
11981,0
11982,1
11983,0
11984,1
11985,1
11986,1
11987,0
11988,1
11989,1
11990,0
11991,1
11992,1
11993,0
11994,1
11995,0
11996,1
11997,1
11998,1
11999,1
12000,0
12001,1
12002,0
12003,0
12004,1
12005,1
12006,0
12007,1
12008,0
12009,0
12010,0
12011,0
12012,0
12013,1
12014,1
12015,0
12016,0
12017,1
12018,0
12019,0
12020,1
12021,1
12022,0
12023,0
12024,1
12025,1
12026,0
12027,1
12028,0
12029,1
12030,1
12031,1
12032,1
12033,0
12034,1
12035,0
12036,0
12037,0
12038,1
12039,0
12040,1
12041,0
12042,1
12043,1
12044,0
12045,0
12046,0
12047,0
12048,0
12049,0
12050,1
12051,1
12052,1
12053,1
12054,1
12055,1
12056,1
12057,1
12058,0
12059,1
12060,0
12061,1
12062,1
12063,0
12064,0
12065,1
12066,0
12067,1
12068,1
12069,1
12070,0
12071,1
12072,1
12073,1
12074,0
12075,1
12076,1
12077,1
12078,0
12079,0
12080,0
12081,1
12082,1
12083,0
12084,1
12085,0
12086,1
12087,1
12088,0
12089,1
12090,1
12091,1
12092,1
12093,1
12094,0
12095,1
12096,0
12097,1
12098,0
12099,1
12100,0
12101,0
12102,1
12103,0
12104,1
12105,0
12106,1
12107,0
12108,0
12109,0
12110,1
12111,1
12112,1
12113,1
12114,1
12115,1
12116,0
12117,0
12118,1
12119,0
12120,1
12121,1
12122,0
12123,1
12124,0
12125,0
12126,0
12127,0
12128,1
12129,0
12130,1
12131,1
12132,1
12133,1
12134,1
12135,1
12136,0
12137,0
12138,1
12139,1
12140,0
12141,0
12142,1
12143,0
12144,0
12145,0
12146,0
12147,1
12148,0
12149,1
12150,1
12151,0
12152,0
12153,1
12154,1
12155,1
12156,0
12157,0
12158,0
12159,1
12160,0
12161,0
12162,0
12163,1
12164,0
12165,0
12166,0
12167,0
12168,0
12169,1
12170,0
12171,0
12172,0
12173,1
12174,1
12175,1
12176,0
12177,0
12178,1
12179,0
12180,0
12181,0
12182,0
12183,1
12184,0
12185,1
12186,1
12187,0
12188,0
12189,1
12190,0
12191,1
12192,1
12193,1
12194,1
12195,0
12196,0
12197,1
12198,1
12199,0
12200,0
12201,0
12202,0
12203,1
12204,0
12205,1
12206,1
12207,0
12208,1
12209,1
12210,0
12211,1
12212,1
12213,1
12214,0
12215,1
12216,1
12217,1
12218,1
12219,0
12220,1
12221,1
12222,1
12223,0
12224,0
12225,0
12226,1
12227,1
12228,1
12229,1
12230,0
12231,0
12232,0
12233,0
12234,1
12235,1
12236,0
12237,0
12238,0
12239,1
12240,1
12241,0
12242,1
12243,1
12244,0
12245,0
12246,1
12247,1
12248,1
12249,0
12250,1
12251,0
12252,0
12253,0
12254,1
12255,1
12256,1
12257,1
12258,0
12259,1
12260,1
12261,0
12262,0
12263,1
12264,1
12265,0
12266,0
12267,1
12268,1
12269,1
12270,0
12271,0
12272,1
12273,0
12274,1
12275,1
12276,1
12277,0
12278,0
12279,0
12280,1
12281,0
12282,1
12283,1
12284,1
12285,1
12286,1
12287,1
12288,0
12289,0
12290,1
12291,0
12292,1
12293,0
12294,1
12295,0
12296,0
12297,0
12298,0
12299,1
12300,1
12301,1
12302,1
12303,0
12304,1
12305,0
12306,0
12307,0
12308,1
12309,0
12310,1
12311,0
12312,1
12313,1
12314,1
12315,1
12316,1
12317,0
12318,1
12319,0
12320,1
12321,1
12322,1
12323,0
12324,0
12325,0
12326,1
12327,1
12328,1
12329,0
12330,1
12331,0
12332,0
12333,1
12334,1
12335,0
12336,0
12337,1
12338,1
12339,1
12340,1
12341,0
12342,0
12343,1
12344,0
12345,0
12346,1
12347,1
12348,1
12349,1
12350,0
12351,1
12352,0
12353,0
12354,1
12355,1
12356,1
12357,0
12358,1
12359,0
12360,0
12361,1
12362,1
12363,1
12364,1
12365,1
12366,1
12367,0
12368,0
12369,1
12370,1
12371,1
12372,0
12373,1
12374,1
12375,0
12376,0
12377,1
12378,0
12379,0
12380,0
12381,1
12382,0
12383,1
12384,1
12385,1
12386,1
12387,0
12388,0
12389,1
12390,1
12391,0
12392,1
12393,1
12394,0
12395,1
12396,1
12397,1
12398,1
12399,0
12400,0
12401,1
12402,1
12403,1
12404,1
12405,1
12406,0
12407,1
12408,0
12409,1
12410,1
12411,0
12412,1
12413,1
12414,1
12415,0
12416,1
12417,1
12418,1
12419,1
12420,0
12421,1
12422,0
12423,0
12424,1
12425,0
12426,0
12427,0
12428,1
12429,1
12430,1
12431,1
12432,0
12433,1
12434,1
12435,1
12436,0
12437,0
12438,1
12439,1
12440,1
12441,0
12442,1
12443,1
12444,1
12445,1
12446,0
12447,0
12448,1
12449,0
12450,1
12451,0
12452,0
12453,1
12454,1
12455,1
12456,1
12457,1
12458,1
12459,0
12460,1
12461,1
12462,0
12463,0
12464,0
12465,0
12466,0
12467,1
12468,1
12469,1
12470,0
12471,0
12472,0
12473,1
12474,1
12475,0
12476,0
12477,0
12478,1
12479,0
12480,0
12481,0
12482,1
12483,1
12484,0
12485,0
12486,0
12487,1
12488,1
12489,0
12490,1
12491,0
12492,1
12493,1
12494,0
12495,1
12496,0
12497,0
12498,1
12499,0
12500,1
12501,0
12502,0
12503,1
12504,1
12505,0
12506,1
12507,1
12508,0
12509,0
12510,0
12511,1
12512,1
12513,0
12514,0
12515,0
12516,0
12517,1
12518,1
12519,0
12520,1
12521,1
12522,1
12523,0
12524,0
12525,1
12526,1
12527,1
12528,0
12529,0
12530,1
12531,1
12532,1
12533,1
12534,0
12535,1
12536,1
12537,0
12538,1
12539,1
12540,1
12541,0
12542,0
12543,0
12544,1
12545,1
12546,0
12547,1
12548,0
12549,1
12550,1
12551,0
12552,0
12553,1
12554,1
12555,0
12556,1
12557,1
12558,1
12559,1
12560,0
12561,1
12562,0
12563,0
12564,1
12565,1
12566,0
12567,1
12568,0
12569,0
12570,0
12571,1
12572,1
12573,1
12574,1
12575,1
12576,1
12577,1
12578,0
12579,1
12580,1
12581,0
12582,1
12583,1
12584,1
12585,0
12586,1
12587,0
12588,1
12589,0
12590,1
12591,1
12592,0
12593,1
12594,0
12595,0
12596,1
12597,0
12598,0
12599,1
12600,0
12601,0
12602,0
12603,0
12604,0
12605,0
12606,0
12607,0
12608,1
12609,1
12610,0
12611,1
12612,1
12613,1
12614,1
12615,1
12616,0
12617,1
12618,1
12619,1
12620,0
12621,1
12622,0
12623,1
12624,0
12625,0
12626,0
12627,1
12628,1
12629,0
12630,1
12631,1
12632,1
12633,1
12634,0
12635,0
12636,1
12637,0
12638,0
12639,1
12640,0
12641,0
12642,1
12643,1
12644,0
12645,0
12646,1
12647,1
12648,0
12649,1
12650,0
12651,1
12652,1
12653,1
12654,1
12655,0
12656,0
12657,1
12658,1
12659,0
12660,1
12661,1
12662,1
12663,0
12664,1
12665,0
12666,0
12667,0
12668,1
12669,1
12670,0
12671,1
12672,0
12673,1
12674,0
12675,1
12676,1
12677,1
12678,1
12679,1
12680,0
12681,0
12682,1
12683,1
12684,1
12685,1
12686,1
12687,1
12688,1
12689,1
12690,0
12691,1
12692,0
12693,0
12694,1
12695,1
12696,1
12697,0
12698,0
12699,1
12700,0
12701,1
12702,1
12703,1
12704,1
12705,0
12706,1
12707,1
12708,1
12709,0
12710,0
12711,1
12712,1
12713,1
12714,1
12715,0
12716,0
12717,0
12718,1
12719,1
12720,0
12721,1
12722,1
12723,0
12724,0
